framework,table_name,field_name,cdm_isRequired,bbIsRequired,cdmDatatype,bbConstraintMinGE,bbConstraintMinGT,bbConstraintMaxLE,bbConstraintMaxLT,bbDatatype,cdm_isPrimaryKey,bbIsPrimaryKey,cdm_isForeignKey,bbIsForeignKey,fkTableName,fkFieldName,fkDomain,fkClass,unique DQ identifiers,userGuidance,etlConventions,bbAdditionalUserGuidance,bbEtlNotes
cdm,care_site,care_site_id,TRUE,TRUE,bigint,,,,,uuid,TRUE,TRUE,FALSE,FALSE,,,,,,,Assign an id to each unique combination of location_id and place_of_service_source_value.,,
cdm,cdm_source,cdm_release_date,FALSE,FALSE,date,,,,,date,FALSE,FALSE,FALSE,FALSE,,,,,,The release data of the CDM instance.,,,
cdm,visit_occurrence,admitted_from_concept_id,TRUE,TRUE,integer,0,,2147483647,,integer,FALSE,FALSE,TRUE,TRUE,concept,concept_id,Visit,,,"Use this field to determine where the patient was admitted from. This concept is part of the visit domain and can indicate if a patient was admitted to the hospital from a long-term care facility, for example.","If available, map the admitted_from_source_value to a standard concept in the visit domain. If not available set to 0.",,
cdm,care_site,care_site_name,FALSE,FALSE,varchar(255),,,,,varchar(255),FALSE,FALSE,FALSE,FALSE,,,,,,The name of the care_site as it appears in the source data,,,
cdm,care_site,care_site_source_value,FALSE,FALSE,varchar(50),,,,,varchar(50),FALSE,FALSE,FALSE,FALSE,,,,,,The identifier of the care_site as it appears in the source data. This could be an identifier separate from the name of the care_site.,,,
cdm,care_site,place_of_service_source_value,FALSE,FALSE,varchar(50),,,,,varchar(50),FALSE,FALSE,FALSE,FALSE,,,,,,,Put the place of service of the care_site as it appears in the source data.,,
cdm,cdm_source,source_release_date,FALSE,FALSE,date,,,,,date,FALSE,FALSE,FALSE,FALSE,,,,,,The release date of the source data.,,,
cdm,cohort,cohort_end_date,TRUE,TRUE,date,,,,,date,FALSE,FALSE,FALSE,FALSE,,,,,,,,,
cdm,cdm_source,cdm_version,FALSE,FALSE,varchar(10),,,,,varchar(10),FALSE,FALSE,FALSE,FALSE,,,,,,,,,
cdm,cdm_source,vocabulary_version,FALSE,FALSE,varchar(20),,,,,varchar(20),FALSE,FALSE,FALSE,FALSE,,,,,,,,,
cdm,cdm_source,cdm_source_abbreviation,FALSE,FALSE,varchar(25),,,,,varchar(25),FALSE,FALSE,FALSE,FALSE,,,,,,The abbreviation of the CDM instance.,,,
cdm,cdm_source,cdm_source_name,TRUE,TRUE,varchar(255),,,,,varchar(255),FALSE,FALSE,FALSE,FALSE,,,,,,The name of the CDM instance.,,,
cdm,cdm_source,cdm_holder,FALSE,FALSE,varchar(255),,,,,varchar(255),FALSE,FALSE,FALSE,FALSE,,,,,,The holder of the CDM instance.,,,
cdm,cdm_source,source_documentation_reference,FALSE,FALSE,varchar(255),,,,,varchar(255),FALSE,FALSE,FALSE,FALSE,,,,,,,,,
cdm,cdm_source,cdm_etl_reference,FALSE,FALSE,varchar(255),,,,,varchar(255),FALSE,FALSE,FALSE,FALSE,,,,,,,Put the link to the CDM version used.,,
cdm,cdm_source,source_description,FALSE,FALSE,varchar(MAX),,,,,varchar(MAX),FALSE,FALSE,FALSE,FALSE,,,,,,The description of the CDM instance.,,,
cdm,cohort,cohort_start_date,TRUE,TRUE,date,,,,,date,FALSE,FALSE,FALSE,FALSE,,,,,,,,,
cdm,cohort_definition,cohort_initiation_date,FALSE,FALSE,date,,,,,date,FALSE,FALSE,FALSE,FALSE,,,,,,A date to indicate when the Cohort was initiated in the COHORT table.,,,
cdm,cohort,cohort_definition_id,TRUE,TRUE,integer,,,,,uuid,FALSE,FALSE,FALSE,FALSE,,,,,,,,,
cdm,cohort,subject_id,TRUE,TRUE,integer,,,,,uuid,FALSE,FALSE,FALSE,FALSE,,,,,,,,,
cdm,concept,valid_end_date,TRUE,TRUE,date,,,,,date,FALSE,FALSE,FALSE,FALSE,,,,,,"The date when the Concept became
invalid because it was deleted or
superseded (updated) by a new concept.
The default value is 31-Dec-2099,
meaning, the Concept is valid until it
becomes deprecated.",,,
cdm,visit_detail,admitted_from_source_value,TRUE,TRUE,integer,0,,2147483647,,integer,FALSE,FALSE,TRUE,TRUE,concept,concept_id,Visit,,,"Use this field to determine where the patient was admitted from. This concept is part of the visit domain and can indicate if a patient was admitted to the hospital from a long-term care facility, for example.","If available, map the admitted_from_source_value to a standard concept in the visit domain. If not available, map to 0. [Accepted Concepts](https://athena.ohdsi.org/search-terms/terms?domain=Visit&standardConcept=Standard&page=1&pageSize=15&query=).",,
cdm,drug_strength,amount_unit_concept_id,FALSE,FALSE,integer,0,,2147483647,,integer,FALSE,FALSE,TRUE,TRUE,concept,concept_id,,,,The Concept representing the Unit of measure for the amount of active ingredient contained within the drug product.,,,
cdm,specimen,anatomic_site_concept_id,FALSE,FALSE,integer,0,,2147483647,,integer,FALSE,FALSE,TRUE,TRUE,concept,concept_id,,,,This is the site on the body where the specimen is from.,Map the ANATOMIC_SITE_SOURCE_VALUE to a Standard Concept in the Spec Anatomic Site domain. This should be coded at the lowest level of granularity [Accepted Concepts](https://athena.ohdsi.org/search-terms/terms?standardConcept=Standard&domain=Spec+Anatomic+Site&conceptClass=Body+Structure&page=4&pageSize=15&query=),,
cdm,cohort_definition,cohort_definition_name,TRUE,TRUE,varchar(255),,,,,varchar(255),FALSE,FALSE,FALSE,FALSE,,,,,,A short description of the cohort,,,
cdm,cohort_definition,cohort_definition_description,FALSE,FALSE,varchar(MAX),,,,,varchar(MAX),FALSE,FALSE,FALSE,FALSE,,,,,,A complete description of the cohort.,,,
cdm,cohort_definition,cohort_definition_syntax,FALSE,FALSE,varchar(MAX),,,,,varchar(MAX),FALSE,FALSE,FALSE,FALSE,,,,,,Syntax or code to operationalize the Cohort Definition.,,,
cdm,concept,valid_start_date,TRUE,TRUE,date,,,,,date,FALSE,FALSE,FALSE,FALSE,,,,,,"The date when the Concept was first
recorded. The default value is
1-Jan-1970, meaning, the Concept has no
(known) date of inception.",,,
cdm,concept_relationship,valid_end_date,TRUE,TRUE,date,,,,,date,FALSE,FALSE,FALSE,FALSE,,,,,,The date when the relationship is invalidated.,,,
cdm,concept,concept_id,TRUE,TRUE,integer,,,,,integer,TRUE,TRUE,FALSE,FALSE,,,,,,A unique identifier for each Concept across all domains.,,,
cdm,concept,standard_concept,FALSE,FALSE,varchar(1),,,,,varchar(1),FALSE,FALSE,FALSE,FALSE,,,,,,"This flag determines where a Concept is
a Standard Concept, i.e. is used in the
data, a Classification Concept, or a
non-standard Source Concept. The
allowable values are 'S' (Standard
Concept) and 'C' (Classification
Concept), otherwise the content is NULL.",,,
cdm,concept,invalid_reason,FALSE,FALSE,varchar(1),,,,,varchar(1),FALSE,FALSE,FALSE,FALSE,,,,,,"Reason the Concept was invalidated.
Possible values are D (deleted), U
(replaced with an update) or NULL when
valid_end_date has the default value.",,,
cdm,concept_ancestor,ancestor_concept_id,TRUE,TRUE,integer,0,,2147483647,,integer,FALSE,FALSE,TRUE,TRUE,concept,concept_id,,,,"The Concept Id for the higher-level concept
that forms the ancestor in the relationship.",,,
cdm,survey_conduct,assisted_concept_id,TRUE,TRUE,integer,0,,2147483647,,integer,FALSE,FALSE,TRUE,TRUE,concept,concept_id,,,,This is a Concept that represents whether the survey was completed with assistance or independently.,"There is no specific domain or class for this field, just choose the one that best represents the value given in the source.",,
cdm,concept,concept_name,TRUE,TRUE,varchar(255),,,,,varchar(255),FALSE,FALSE,FALSE,FALSE,,,,,,"An unambiguous, meaningful and descriptive name for the Concept.",,,
cdm,concept,concept_code,TRUE,TRUE,varchar(50),,,,,varchar(50),FALSE,FALSE,FALSE,FALSE,,,,,,"The concept code represents the identifier
of the Concept in the source vocabulary,
such as SNOMED-CT concept IDs,
RxNorm RXCUIs etc. Note that concept
codes are not unique across vocabularies.",,,
cdm,survey_conduct,collection_method_concept_id,TRUE,TRUE,integer,0,,2147483647,,integer,FALSE,FALSE,TRUE,TRUE,concept,concept_id,,,,This Concept represents how the responses were collected.,Use the concepts that have the relationship 'Has Answer' with the CONCEPT_ID [42529316](https://athena.ohdsi.org/search-terms/terms/42529316).,,
cdm,concept_ancestor,min_levels_of_separation,TRUE,TRUE,integer,,,,,integer,FALSE,FALSE,FALSE,FALSE,,,,,,"The minimum separation in number of
levels of hierarchy between ancestor and
descendant concepts. This is an attribute
that is used to simplify hierarchic analysis.",,,
cdm,concept_ancestor,max_levels_of_separation,TRUE,TRUE,integer,,,,,integer,FALSE,FALSE,FALSE,FALSE,,,,,,"The maximum separation in number of
levels of hierarchy between ancestor and
descendant concepts. This is an attribute
that is used to simplify hierarchic analysis.",,,
cdm,concept_class,concept_class_concept_id,TRUE,TRUE,integer,0,,2147483647,,integer,FALSE,FALSE,TRUE,TRUE,concept,concept_id,,,,A Concept that represents the Concept Class.,,,
cdm,concept_class,concept_class_id,TRUE,TRUE,varchar(20),,,,,varchar(20),TRUE,TRUE,FALSE,FALSE,,,,,,A unique key for each class.,,,
cdm,concept_class,concept_class_name,TRUE,TRUE,varchar(255),,,,,varchar(255),FALSE,FALSE,FALSE,FALSE,,,,,,"The name describing the Concept Class, e.g.
Clinical Finding, Ingredient, etc.",,,
cdm,concept_relationship,valid_start_date,TRUE,TRUE,date,,,,,date,FALSE,FALSE,FALSE,FALSE,,,,,,The date when the relationship is first recorded.,,,
cdm,condition_era,condition_era_end_datetime,TRUE,TRUE,datetime,,,,,datetime,FALSE,FALSE,FALSE,FALSE,,,,,,"The end date for the Condition Era
constructed from the individual
instances of Condition Occurrences.
It is the end date of the final
continuously recorded instance of the
Condition.",,,
cdm,concept_synonym,concept_id,TRUE,TRUE,integer,0,,2147483647,,integer,FALSE,FALSE,TRUE,TRUE,concept,concept_id,,,,,,,
cdm,concept_relationship,concept_id_1,TRUE,TRUE,integer,0,,2147483647,,integer,FALSE,FALSE,TRUE,TRUE,concept,concept_id,,,,,,,
cdm,concept_relationship,invalid_reason,FALSE,FALSE,varchar(1),,,,,varchar(1),FALSE,FALSE,FALSE,FALSE,,,,,,"Reason the relationship was invalidated. Possible values are 'D' (deleted), 'U' (updated) or NULL.",,,
cdm,concept_relationship,concept_id_2,TRUE,TRUE,integer,0,,2147483647,,integer,FALSE,FALSE,TRUE,TRUE,concept,concept_id,,,,,,,
cdm,condition_era,condition_concept_id,TRUE,TRUE,integer,0,,2147483647,,integer,FALSE,FALSE,TRUE,TRUE,concept,concept_id,Condition,,,The Concept Id representing the Condition.,,,
cdm,condition_occurrence,condition_concept_id,TRUE,TRUE,integer,0,,2147483647,,integer,FALSE,FALSE,TRUE,TRUE,concept,concept_id,Condition,,,"The CONDITION_CONCEPT_ID field is recommended for primary use in analyses, and must be used for network studies. This is the standard concept mapped from the source value which represents a condition","The CONCEPT_ID that the CONDITION_SOURCE_VALUE maps to. Only records whose source values map to concepts with a domain of ""Condition"" should go in this table. [Accepted Concepts](https://athena.ohdsi.org/search-terms/terms?domain=Condition&standardConcept=Standard&page=1&pageSize=15&query=).",,
cdm,concept_synonym,concept_synonym_name,TRUE,TRUE,varchar(1000),,,,,varchar(1000),FALSE,FALSE,FALSE,FALSE,,,,,,,,,
cdm,condition_era,condition_era_id,TRUE,TRUE,bigint,,,,,uuid,TRUE,TRUE,FALSE,FALSE,,,,,,,,,
cdm,condition_era,person_id,TRUE,TRUE,bigint,,,,,bigint,FALSE,FALSE,FALSE,FALSE,person,person_id,,,,,,,
cdm,condition_era,condition_era_start_datetime,TRUE,TRUE,datetime,,,,,datetime,FALSE,FALSE,FALSE,FALSE,,,,,,"The start date for the Condition Era
constructed from the individual
instances of Condition Occurrences.
It is the start date of the very first
chronologically recorded instance of
the condition with at least 31 days since any prior record of the same Condition.",,,
cdm,condition_occurrence,condition_end_date,FALSE,FALSE,date,,,,,date,FALSE,FALSE,FALSE,FALSE,,,,,,Use this date to determine the end date of the condition,"Most often data sources do not have the idea of a start date for a condition. Rather, if a source only has one date associated with a condition record it is acceptable to use that date for both the CONDITION_START_DATE and the CONDITION_END_DATE.",,Only fill if related iso_interval field indicates a known single date(time)
cdm,condition_occurrence,condition_source_concept_id,TRUE,TRUE,integer,0,,2147483647,,integer,FALSE,FALSE,TRUE,TRUE,concept,concept_id,,,,"This is the concept representing the condition source value and may not necessarily be standard. This field is discouraged from use in analysis because it is not required to contain Standard Concepts that are used across the OHDSI community, and should only be used when Standard Concepts do not adequately represent the source detail for the Condition necessary for a given analytic use case. Consider using CONDITION_CONCEPT_ID instead to enable standardized analytics that can be consistent across the network.","If the CONDITION_SOURCE_VALUE is coded in the source data using an OMOP supported vocabulary put the concept id representing the source value here. If not available, set to 0.",,
cdm,condition_era,condition_occurrence_count,FALSE,FALSE,integer,,,,,integer,FALSE,FALSE,FALSE,FALSE,,,,,,"The number of individual Condition
Occurrences used to construct the
condition era.",,,
cdm,condition_occurrence,condition_occurrence_id,TRUE,TRUE,bigint,,,,,uuid,TRUE,TRUE,FALSE,FALSE,,,,,,The unique key given to a condition record for a person. Refer to the ETL for how duplicate conditions during the same visit were handled.,"Each instance of a condition present in the source data should be assigned this unique key. In some cases, a person can have multiple records of the same condition within the same visit. It is valid to keep these duplicates and assign them individual, unique, CONDITION_OCCURRENCE_IDs, though it is up to the ETL how they should be handled.",,
cdm,condition_occurrence,condition_status_concept_id,TRUE,TRUE,integer,0,,2147483647,,integer,FALSE,FALSE,TRUE,TRUE,concept,concept_id,,,,"This concept represents the point during the visit the diagnosis was given (admitting diagnosis, final diagnosis), whether the diagnosis was determined due to laboratory findings, if the diagnosis was exclusionary, or if it was a preliminary diagnosis, among others.","Choose the Concept in the Condition Status domain that best represents the point during the visit when the diagnosis was given. These can include admitting diagnosis, principal diagnosis, and secondary diagnosis. If not available, set to 0. [Accepted Concepts](https://athena.ohdsi.org/search-terms/terms?domain=Condition+Status&standardConcept=Standard&page=1&pageSize=15&query=).",,
cdm,condition_occurrence,condition_type_concept_id,TRUE,TRUE,integer,0,,2147483647,,integer,FALSE,FALSE,TRUE,TRUE,concept,concept_id,Type Concept,,,"This field can be used to determine the provenance of the Condition record, as in whether the condition was from an EHR system, insurance claim, registry, or other sources.",Choose the condition_type_concept_id that best represents the provenance of the record. [Accepted Concepts](https://athena.ohdsi.org/search-terms/terms?domain=Type+Concept&standardConcept=Standard&page=1&pageSize=15&query=).,,
cdm,payer_plan_period,contract_concept_id,TRUE,TRUE,integer,0,,2147483647,,integer,FALSE,FALSE,TRUE,TRUE,concept,concept_id,,,,This field represents the relationship between the PERSON_ID and CONTRACT_PERSON_ID. It should be read as PERSON_ID is the *CONTRACT_CONCEPT_ID* of the CONTRACT_PERSON_ID. So if CONTRACT_CONCEPT_ID represents the relationship 'Stepdaughter' then the Person for whom PAYER_PLAN_PERIOD record was recorded is the stepdaughter of the CONTRACT_PERSON_ID.,"If available, use this field to represent the relationship between the PERSON_ID and the CONTRACT_PERSON_ID. If the Person for whom the PAYER_PLAN_PERIOD record was recorded is the stepdaughter of the CONTRACT_PERSON_ID then CONTRACT_CONCEPT_ID would be [4330864](https://athena.ohdsi.org/search-terms/terms/4330864). If not available, set to 0. [Accepted Concepts](https://athena.ohdsi.org/search-terms/terms?standardConcept=Standard&domain=Relationship&page=12&pageSize=15&query=).",,
cdm,cost,cost_concept_id,FALSE,FALSE,integer,0,,2147483647,,integer,FALSE,FALSE,TRUE,TRUE,concept,concept_id,,,,A foreign key that refers to a Standard Cost Concept identifier in the Standardized Vocabularies belonging to the 'Cost' vocabulary.,,,
cdm,condition_occurrence,condition_end_datetime,FALSE,FALSE,datetime,,,,,datetime,FALSE,FALSE,FALSE,FALSE,,,,,,,If a source does not specify datetime the convention is to set the time to midnight (00:00:0000),,Only fill if related iso_interval field indicates a known single date(time)
omopdb,condition_occurrence,condition_end_iso_interval,,FALSE,,,,,,varchar(55),,FALSE,,FALSE,,,,,,,,"Generalization of condition_end_date(time), allowing for approximation. Both endpoints specified to specific date (or datetime) to establish range. Use identical start/end to indicate known date(time).","Use ISO 8601-2 standard. Unknown start is ""/YYYY-MM-DD…""; unknown end is ""YYYY-MM-DD/"". To express a single moment use identical start/end components."
cdm,condition_occurrence,condition_start_date,TRUE,TRUE,date,,,,,date,FALSE,FALSE,FALSE,FALSE,,,,,,Use this date to determine the start date of the condition,"Most often data sources do not have the idea of a start date for a condition. Rather, if a source only has one date associated with a condition record it is acceptable to use that date for both the CONDITION_START_DATE and the CONDITION_END_DATE.",,
cdm,condition_occurrence,condition_start_datetime,FALSE,TRUE,datetime,,,,,datetime,FALSE,FALSE,FALSE,FALSE,,,,,,,If a source does not specify datetime the convention is to set the time to midnight (00:00:0000),,
omopdb,condition_occurrence,condition_start_iso_interval,,TRUE,,,,,,varchar(55),,FALSE,,FALSE,,,,,,,,"Generalization of condition_start_date(time), allowing for approximation. Both endpoints specified to specific date (or datetime) to establish range. Use identical start/end to indicate known date(time).","Use ISO 8601-2 standard. Unknown start is ""/YYYY-MM-DD…""; unknown end is ""YYYY-MM-DD/"". To express a single moment use identical start/end components."
cdm,cost,billed_date,FALSE,FALSE,date,,,,,date,FALSE,FALSE,FALSE,FALSE,,,,,,The date a bill was generated for a service or encounter,,,
cdm,cost,cost_event_field_concept_id,TRUE,TRUE,integer,0,,2147483647,,integer,FALSE,FALSE,TRUE,TRUE,concept,concept_id,,,,"If the Cost record is related to another record in the database, this field is the CONCEPT_ID that identifies which table the primary key of the linked record came from.",Put the CONCEPT_ID that identifies which table and field the COST_EVENT_ID came from.,,
cdm,cost,cost_source_concept_id,FALSE,FALSE,integer,0,,2147483647,,integer,FALSE,FALSE,TRUE,TRUE,concept,concept_id,,,,A foreign key to a Cost Concept that refers to the code used in the source.,,,
cdm,cost,cost_type_concept_id,FALSE,FALSE,integer,0,,2147483647,,integer,FALSE,FALSE,TRUE,TRUE,concept,concept_id,Type Concept,,,A foreign key identifier to a concept in the CONCEPT table for the provenance or the source of the COST data and belonging to the 'Type Concept' vocabulary,,,
cdm,condition_occurrence,stop_reason,FALSE,FALSE,varchar(20),,,,,varchar(20),FALSE,FALSE,FALSE,FALSE,,,,,,The Stop Reason indicates why a Condition is no longer valid with respect to the purpose within the source data. Note that a Stop Reason does not necessarily imply that the condition is no longer occurring.,This information is often not populated in source data and it is a valid etl choice to leave it blank if the information does not exist.,,
cdm,condition_occurrence,condition_source_value,FALSE,FALSE,varchar(50),,,,,varchar(50),FALSE,FALSE,FALSE,FALSE,,,,,,"This field houses the verbatim value from the source data representing the condition that occurred. For example, this could be an ICD10 or Read code.",This code is mapped to a Standard Condition Concept in the Standardized Vocabularies and the original code is stored here for reference.,,
cdm,condition_occurrence,condition_status_source_value,FALSE,FALSE,varchar(50),,,,,varchar(50),FALSE,FALSE,FALSE,FALSE,,,,,,This field houses the verbatim value from the source data representing the condition status.,This information may be called something different in the source data but the field is meant to contain a value indicating when and how a diagnosis was given to a patient. This source value is mapped to a standard concept which is stored in the CONDITION_STATUS_CONCEPT_ID field.,,
cdm,cost,cost_id,TRUE,TRUE,bigint,,,,,uuid,TRUE,TRUE,FALSE,FALSE,,,,,,A unique identifier for each COST record.,,,
cdm,cost,person_id,TRUE,TRUE,bigint,,,,,bigint,FALSE,FALSE,FALSE,FALSE,,,,,,,,,
cdm,cost,cost_event_id,TRUE,TRUE,bigint,,,,,bigint,FALSE,FALSE,FALSE,FALSE,,,,,,"If the Cost record is related to another record in the database, this field is the primary key of the linked record.","Put the primary key of the linked record, if applicable, here.",,
cdm,cost,payer_plan_period_id,FALSE,FALSE,bigint,,,,,bigint,FALSE,FALSE,FALSE,FALSE,,,,,,"A foreign key to the PAYER_PLAN_PERIOD table, where the details of the Payer, Plan and Family are stored. Record the payer_plan_id that relates to the payer who contributed to the paid_by_payer field.",,,
cdm,cost,incurred_date,FALSE,FALSE,date,,,,,date,FALSE,FALSE,FALSE,FALSE,,,,,,"The first date of service of the clinical event corresponding to the cost as in table capturing the information (e.g. date of visit, date of procedure, date of condition, date of drug etc).",,,
cdm,cost,paid_date,FALSE,FALSE,date,,,,,date,FALSE,FALSE,FALSE,FALSE,,,,,,The date payment was received for a service or encounter,,,
cdm,cost,cost,FALSE,FALSE,float,,,,,float,FALSE,FALSE,FALSE,FALSE,,,,,,The actual financial cost amount,,,
cdm,cohort_definition,definition_type_concept_id,TRUE,TRUE,integer,0,,2147483647,,integer,FALSE,FALSE,TRUE,TRUE,concept,concept_id,,,,Type defining what kind of Cohort Definition the record represents and how the syntax may be executed.,,,
cdm,drug_strength,denominator_unit_concept_id,FALSE,FALSE,integer,0,,2147483647,,integer,FALSE,FALSE,TRUE,TRUE,concept,concept_id,,,,The Concept representing the denominator unit for the concentration of active ingredient.,,,
cdm,concept_ancestor,descendant_concept_id,TRUE,TRUE,integer,0,,2147483647,,integer,FALSE,FALSE,TRUE,TRUE,concept,concept_id,,,,"The Concept Id for the lower-level concept
that forms the descendant in the
relationship.",,,
cdm,device_exposure,device_concept_id,TRUE,TRUE,integer,0,,2147483647,,integer,FALSE,FALSE,TRUE,TRUE,concept,concept_id,Device,,,"The DEVICE_CONCEPT_ID field is recommended for primary use in analyses, and must be used for network studies. This is the standard concept mapped from the source concept id which represents a foreign object or instrument the person was exposed to.",The CONCEPT_ID that the DEVICE_SOURCE_VALUE maps to.,,
cdm,cost,currency_concept_id,FALSE,FALSE,integer,0,,2147483647,,integer,FALSE,FALSE,FALSE,FALSE,concept,concept_id,,,,"A foreign key identifier to the concept representing the 3-letter code used to delineate international currencies, such as USD for US Dollar. These belong to the 'Currency' vocabulary",,,
cdm,device_exposure,device_source_concept_id,TRUE,TRUE,integer,0,,2147483647,,integer,FALSE,FALSE,TRUE,TRUE,concept,concept_id,,,,"This is the concept representing the device source value and may not necessarily be standard. This field is discouraged from use in analysis because it is not required to contain Standard Concepts that are used across the OHDSI community, and should only be used when Standard Concepts do not adequately represent the source detail for the Device necessary for a given analytic use case. Consider using DEVICE_CONCEPT_ID instead to enable standardized analytics that can be consistent across the network.","If the DEVICE_SOURCE_VALUE is coded in the source data using an OMOP supported vocabulary put the concept id representing the source value here. If unavailable, set to 0.",,
cdm,device_exposure,device_type_concept_id,TRUE,TRUE,integer,0,,2147483647,,integer,FALSE,FALSE,TRUE,TRUE,concept,concept_id,Type Concept,,,"You can use the TYPE_CONCEPT_ID to denote the provenance of the record, as in whether the record is from administrative claims or EHR. [Accepted Concepts](https://athena.ohdsi.org/search-terms/terms?domain=Type+Concept&standardConcept=Standard&page=1&pageSize=15&query=).","Choose the drug_type_concept_id that best represents the provenance of the record, for example whether it came from a record of a prescription written or physician administered drug.",,
cdm,cost,cost_source_value,FALSE,FALSE,varchar(50),,,,,varchar(50),FALSE,FALSE,FALSE,FALSE,,,,,,The source value for the cost as it appears in the source data,,,
cdm,cost,revenue_code_source_value,FALSE,FALSE,varchar(50),,,,,varchar(50),FALSE,FALSE,FALSE,FALSE,,,,,,"The source value for the Revenue code as it appears in the source data, stored here for reference.",,,
cdm,cost,drg_source_value,FALSE,FALSE,varchar(50),,,,,varchar(50),FALSE,FALSE,FALSE,FALSE,,,,,,"The source value for the 3-digit DRG source code as it appears in the source data, stored here for reference.",,,
cdm,device_exposure,device_exposure_end_date,FALSE,FALSE,date,,,,,date,FALSE,FALSE,FALSE,FALSE,,,,,,"The DEVICE_EXPOSURE_END_DATE denotes the day the device exposure ended for the patient, if given.",Put the end date or discontinuation date as it appears from the source data or leave blank if unavailable.,,Only fill if related iso_interval field indicates a known single date(time)
cdm,visit_detail,discharge_to_concept_id,TRUE,TRUE,integer,0,,2147483647,,integer,FALSE,FALSE,TRUE,TRUE,concept,concept_id,Visit,,,"Use this field to determine where the patient was discharged to after a visit detail record. This concept is part of the visit domain and can indicate if a patient was discharged to home or sent to a long-term care facility, for example.","If available, map the DISCHARGE_TO_SOURCE_VALUE to a Standard Concept in the Visit domain. If not available, set to 0. [Accepted Concepts](https://athena.ohdsi.org/search-terms/terms?domain=Visit&standardConcept=Standard&page=1&pageSize=15&query=).",,
cdm,visit_occurrence,discharge_to_concept_id,TRUE,TRUE,integer,0,,2147483647,,integer,FALSE,FALSE,TRUE,TRUE,concept,concept_id,Visit,,,"Use this field to determine where the patient was discharged to after a visit. This concept is part of the visit domain and can indicate if a patient was discharged to home or sent to a long-term care facility, for example.","If available, map the discharge_to_source_value to a standard concept in the visit domain. If not available set to 0.",,
cdm,specimen,disease_status_concept_id,FALSE,FALSE,integer,0,,2147483647,,integer,FALSE,FALSE,TRUE,TRUE,concept,concept_id,,,,,,,
cdm,device_exposure,device_exposure_id,TRUE,TRUE,bigint,,,,,uuid,TRUE,TRUE,FALSE,FALSE,,,,,,The unique key given to records a person's exposure to a foreign physical object or instrument.,Each instance of an exposure to a foreign object or device present in the source data should be assigned this unique key.,,
cdm,domain,domain_concept_id,TRUE,TRUE,integer,0,,2147483647,,integer,FALSE,FALSE,TRUE,TRUE,concept,concept_id,,,,A Concept representing the Domain Concept the DOMAIN record belongs to.,,,
cdm,fact_relationship,domain_concept_id_1,TRUE,TRUE,integer,0,,2147483647,,integer,FALSE,FALSE,TRUE,TRUE,concept,concept_id,,,,,,,
cdm,fact_relationship,domain_concept_id_2,TRUE,TRUE,integer,0,,2147483647,,integer,FALSE,FALSE,TRUE,TRUE,concept,concept_id,,,,,,,
cdm,cost,drg_concept_id,FALSE,FALSE,integer,0,,2147483647,,integer,FALSE,FALSE,TRUE,TRUE,concept,concept_id,,,,A foreign key referring to a Standard Concept ID in the Standardized Vocabularies for DRG codes belonging to the 'DRG' vocabulary.,,,
cdm,device_exposure,device_exposure_end_datetime,FALSE,FALSE,datetime,,,,,datetime,FALSE,FALSE,FALSE,FALSE,,,,,,,If a source does not specify datetime the convention is to set the time to midnight (00:00:0000),,Only fill if related iso_interval field indicates a known single date(time)
omopdb,device_exposure,device_exposure_end_iso_interval,,FALSE,,,,,,varchar(55),,FALSE,,FALSE,,,,,,,,"We do not expect to use this table within RIVM's usage, but including generalized interval for completeness. Same concept to represent exposure over a period as for condition_occurrence.","Use ISO 8601-2 standard. Unknown start is ""/YYYY-MM-DD…""; unknown end is ""YYYY-MM-DD/"". For single date-events use identical start/end components."
cdm,device_exposure,device_exposure_start_date,TRUE,TRUE,date,,,,,date,FALSE,FALSE,FALSE,FALSE,,,,,,Use this date to determine the start date of the device record.,"Valid entries include a start date of a procedure to implant a device, the date of a prescription for a device, or the date of device administration.",,
cdm,device_exposure,device_exposure_start_datetime,FALSE,TRUE,datetime,,,,,datetime,FALSE,FALSE,FALSE,FALSE,,,,,,,"This is not required, though it is in v6. If a source does not specify datetime the convention is to set the time to midnight (00:00:0000)",,
omopdb,device_exposure,device_exposure_start_iso_interval,,TRUE,,,,,,varchar(55),,FALSE,,FALSE,,,,,,,,"We do not expect to use this table within RIVM's usage, but including generalized interval for completeness. Same concept to represent exposure over a period as for condition_occurrence.",
cdm,dose_era,dose_era_end_datetime,TRUE,TRUE,datetime,,,,,datetime,FALSE,FALSE,FALSE,FALSE,,,,,,,The date the Person was no longer exposed to the dosage of the specific drug ingredient. An era is ended if there are 31 days or more between dosage records.,,
cdm,dose_era,drug_concept_id,TRUE,TRUE,integer,0,,2147483647,,integer,FALSE,FALSE,TRUE,TRUE,concept,concept_id,Drug,Ingredient,,The Concept Id representing the specific drug ingredient.,,,
cdm,drug_era,drug_concept_id,TRUE,TRUE,integer,0,,2147483647,,integer,FALSE,FALSE,TRUE,TRUE,concept,concept_id,Drug,Ingredient,,The Concept Id representing the specific drug ingredient.,,,
cdm,device_exposure,quantity,FALSE,FALSE,integer,,,,,integer,FALSE,FALSE,FALSE,FALSE,,,,,,,,,
cdm,drug_exposure,drug_concept_id,TRUE,TRUE,integer,0,,2147483647,,integer,FALSE,FALSE,TRUE,TRUE,concept,concept_id,Drug,,,"The DRUG_CONCEPT_ID field is recommended for primary use in analyses, and must be used for network studies. This is the standard concept mapped from the source concept id which represents a drug product or molecule otherwise introduced to the body. The drug concepts can have a varying degree of information about drug strength and dose. This information is relevant in the context of quantity and administration information in the subsequent fields plus strength information from the DRUG_STRENGTH table, provided as part of the standard vocabulary download.","The CONCEPT_ID that the DRUG_SOURCE_VALUE maps to. The concept id should be derived either from mapping from the source concept id or by picking the drug concept representing the most amount of detail you have. Records whose source values map to standard concepts with a domain of Drug should go in this table. When the Drug Source Value of the code cannot be translated into Standard Drug Concept IDs, a Drug exposure entry is stored with only the corresponding SOURCE_CONCEPT_ID and DRUG_SOURCE_VALUE and a DRUG_CONCEPT_ID of 0. The Drug Concept with the most detailed content of information is preferred during the mapping process. These are indicated in the CONCEPT_CLASS_ID field of the Concept and are recorded in the following order of precedence: 'Branded Pack', 'Clinical Pack', 'Branded Drug', 'Clinical Drug', 'Branded Drug Component', 'Clinical Drug Component', 'Branded Drug Form', 'Clinical Drug Form', and only if no other information is available 'Ingredient'. Note: If only the drug class is known, the DRUG_CONCEPT_ID field should contain 0. [Accepted Concepts](https://athena.ohdsi.org/search-terms/terms?domain=Drug&standardConcept=Standard&page=1&pageSize=15&query=).",,
cdm,device_exposure,unique_device_id,FALSE,FALSE,varchar(50),,,,,varchar(50),FALSE,FALSE,FALSE,FALSE,,,,,,"This is the Unique Device Identification number for devices regulated by the FDA, if given.","For medical devices that are regulated by the FDA, a Unique Device Identification (UDI) is provided if available in the data source and is recorded in the UNIQUE_DEVICE_ID field.",,
cdm,device_exposure,device_source_value,FALSE,FALSE,varchar(50),,,,,varchar(50),FALSE,FALSE,FALSE,FALSE,,,,,,"This field houses the verbatim value from the source data representing the device exposure that occurred. For example, this could be an NDC or Gemscript code.",This code is mapped to a Standard Device Concept in the Standardized Vocabularies and the original code is stored here for reference.,,
cdm,drug_strength,drug_concept_id,TRUE,TRUE,integer,0,,2147483647,,integer,FALSE,FALSE,TRUE,TRUE,concept,concept_id,,,,The Concept representing the Branded Drug or Clinical Drug Product.,,,
cdm,domain,domain_id,TRUE,TRUE,varchar(20),,,,,varchar(20),TRUE,TRUE,FALSE,FALSE,,,,,,A unique key for each domain.,,,
cdm,domain,domain_name,TRUE,TRUE,varchar(255),,,,,varchar(255),FALSE,FALSE,FALSE,FALSE,,,,,,"The name describing the Domain, e.g.
Condition, Procedure, Measurement
etc.",,,
cdm,dose_era,dose_era_id,TRUE,TRUE,bigint,,,,,uuid,TRUE,TRUE,FALSE,FALSE,,,,,,,,,
cdm,drug_exposure,drug_source_concept_id,TRUE,TRUE,integer,0,,2147483647,,integer,FALSE,FALSE,TRUE,TRUE,concept,concept_id,,,,"This is the concept representing the drug source value and may not necessarily be standard. This field is discouraged from use in analysis because it is not required to contain Standard Concepts that are used across the OHDSI community, and should only be used when Standard Concepts do not adequately represent the source detail for the Drug necessary for a given analytic use case. Consider using DRUG_CONCEPT_ID instead to enable standardized analytics that can be consistent across the network.","If the DRUG_SOURCE_VALUE is coded in the source data using an OMOP supported vocabulary put the concept id representing the source value here. If unavailable, set to 0.",,
cdm,dose_era,dose_era_start_datetime,TRUE,TRUE,datetime,,,,,datetime,FALSE,FALSE,FALSE,FALSE,,,,,,"The date the Person started on the specific dosage, with at least 31 days since any prior exposure.",,,
cdm,drug_era,drug_era_end_datetime,TRUE,TRUE,datetime,,,,,datetime,FALSE,FALSE,FALSE,FALSE,,,,,,,"The Drug Era End Date is the end date of the last Drug Exposure. The End Date of each Drug Exposure is either taken from the field drug_exposure_end_date or, as it is typically not available, inferred using the following rules:
For pharmacy prescription data, the date when the drug was dispensed plus the number of days of supply are used to extrapolate the End Date for the Drug Exposure. Depending on the country-specific healthcare system, this supply information is either explicitly provided in the day_supply field or inferred from package size or similar information.
For Procedure Drugs, usually the drug is administered on a single date (i.e., the administration date).
A standard Persistence Window of 30 days (gap, slack) is permitted between two subsequent such extrapolated DRUG_EXPOSURE records to be considered to be merged into a single Drug Era.",,
cdm,dose_era,dose_value,TRUE,TRUE,float,,,,,float,FALSE,FALSE,FALSE,FALSE,,,,,,The numeric value of the dosage of the drug_ingredient.,,,
cdm,drug_exposure,drug_type_concept_id,TRUE,TRUE,integer,0,,2147483647,,integer,FALSE,FALSE,TRUE,TRUE,concept,concept_id,Type Concept,,,"You can use the TYPE_CONCEPT_ID to delineate between prescriptions written vs. prescriptions dispensed vs. medication history vs. patient-reported exposure, etc.","Choose the drug_type_concept_id that best represents the provenance of the record, for example whether it came from a record of a prescription written or physician administered drug. [Accepted Concepts](https://athena.ohdsi.org/search-terms/terms?domain=Type+Concept&standardConcept=Standard&page=1&pageSize=15&query=).",,
cdm,note,encoding_concept_id,TRUE,TRUE,integer,0,,2147483647,,integer,FALSE,FALSE,TRUE,TRUE,concept,concept_id,,,,This is the Concept representing the character encoding type.,"Put the Concept Id that represents the encoding character type here. Currently the only option is UTF-8 ([32678](https://athena.ohdsi.org/search-terms/terms/32678)). It the note is encoded in any other type, like ASCII then put 0.","We don't expect to use this table, at least not initially.",
cdm,drug_era,drug_era_id,TRUE,TRUE,bigint,,,,,uuid,TRUE,TRUE,FALSE,FALSE,,,,,,,,,
cdm,person,care_site_id,FALSE,FALSE,bigint,,,,,uuid,FALSE,FALSE,TRUE,TRUE,care_site,care_site_id,,,,The Care Site refers to where the Provider typically provides the primary care.,,OMOP spec does not correspond to our use case.,Do not populate.
omopdb,drug_era,drug_era_end_iso_interval,,TRUE,,,,,,varchar(55),,FALSE,,FALSE,,,,,,,,This is a derived table. Including here for completeness. Same concept to represent era over a period as for condition_occurrence.,
cdm,drug_era,drug_era_start_datetime,TRUE,TRUE,datetime,,,,,datetime,FALSE,FALSE,FALSE,FALSE,,,,,,,"The Drug Era Start Date is the start date of the first Drug Exposure for a given ingredient, with at least 31 days since the previous exposure.",,
omopdb,drug_era,drug_era_start_iso_interval,,TRUE,,,,,,varchar(55),,FALSE,,FALSE,,,,,,,,This is a derived table. Including here for completeness. Same concept to represent era over a period as for condition_occurrence.,"Use ISO 8601-2 standard. Unknown start is ""/YYYY-MM-DD…""; unknown end is ""YYYY-MM-DD/"". For single date-events use identical start/end components."
cdm,drug_exposure,drug_exposure_end_date,TRUE,FALSE,date,,,,,date,FALSE,FALSE,FALSE,FALSE,,,,,,The DRUG_EXPOSURE_END_DATE denotes the day the drug exposure ended for the patient.,"If this information is not explicitly available in the data, infer the end date using the following methods:/n/n 1. Start first with duration or days supply using the calculation drug start date + days supply -1 day. 2. Use quantity divided by daily dose that you may obtain from the sig or a source field (or assumed daily dose of 1) for solid, indivisibile, drug products. If quantity represents ingredient amount, quantity divided by daily dose * concentration (from drug_strength) drug concept id tells you the dose form. 3. If it is an administration record, set drug end date equal to drug start date. If the record is a written prescription then set end date to start date + 29. If the record is a mail-order prescription set end date to start date + 89. The end date must be equal to or greater than the start date. Ibuprofen 20mg/mL oral solution concept tells us this is oral solution. Calculate duration as quantity (200 example) * daily dose (5mL) /concentration (20mg/mL) 200*5/20 = 50 days. [Examples by dose form](https://ohdsi.github.io/CommonDataModel/drug_dose.html)","This is required in OMOP, and is to be inferred from information about presecriptions if not in the data. We will not have this level of detail, so not requiring in omopdb.",Only fill if related iso_interval field indicates a known single date(time)
cdm,person,day_of_birth,FALSE,FALSE,integer,1,,31,,integer,FALSE,FALSE,FALSE,FALSE,,,,,,,"For data sources that provide the precise date of birth, the day should be extracted and stored in this field.",Biobase will record this information in observation table.,Do not populate. Biobase will record this information in observation table
cdm,drug_era,drug_exposure_count,FALSE,FALSE,integer,,,,,integer,FALSE,FALSE,FALSE,FALSE,,,,,,The count of grouped DRUG_EXPOSURE records that were included in the DRUG_ERA row.,,,
cdm,drug_era,gap_days,FALSE,FALSE,integer,,,,,integer,FALSE,FALSE,FALSE,FALSE,,,,,,,"The Gap Days determine how many total drug-free days are observed between all Drug Exposure events that contribute to a DRUG_ERA record. It is assumed that the drugs are ""not stockpiled"" by the patient, i.e. that if a new drug prescription or refill is observed (a new DRUG_EXPOSURE record is written), the remaining supply from the previous events is abandoned.   The difference between Persistence Window and Gap Days is that the former is the maximum drug-free time allowed between two subsequent DRUG_EXPOSURE records, while the latter is the sum of actual drug-free days for the given Drug Era under the above assumption of non-stockpiling.",,
cdm,drug_exposure,drug_exposure_id,TRUE,TRUE,bigint,,,,,uuid,TRUE,TRUE,FALSE,FALSE,,,,,,The unique key given to records of drug dispensings or administrations for a person. Refer to the ETL for how duplicate drugs during the same visit were handled.,"Each instance of a drug dispensing or administration present in the source data should be assigned this unique key. In some cases, a person can have multiple records of the same drug within the same visit. It is valid to keep these duplicates and assign them individual, unique, DRUG_EXPOSURE_IDs, though it is up to the ETL how they should be handled.",,
cdm,drug_exposure,drug_exposure_end_datetime,FALSE,FALSE,datetime,,,,,datetime,FALSE,FALSE,FALSE,FALSE,,,,,,,"This is not required, though it is in v6. If a source does not specify datetime the convention is to set the time to midnight (00:00:0000)",,Only fill if related iso_interval field indicates a known single date(time)
cdm,provider,gender_concept_id,TRUE,TRUE,integer,0,,2147483647,,integer,FALSE,FALSE,TRUE,TRUE,concept,concept_id,Gender,,,This field represents the recorded gender of the provider in the source data.,"If given, put a concept from the gender domain representing the recorded gender of the provider. If not available, set to 0. [Accepted Concepts](http://athena.ohdsi.org/search-terms/terms?domain=Gender&standardConcept=Standard&page=1&pageSize=15&query=).",,
cdm,person,ethnicity_concept_id,TRUE,FALSE,integer,0,,2147483647,,integer,FALSE,FALSE,TRUE,TRUE,concept,concept_id,Ethnicity,,,"This field captures Ethnicity as defined by the Office of Management and Budget (OMB) of the US Government: it distinguishes only between ""Hispanic"" and ""Not Hispanic"". Races and ethnic backgrounds are not stored here.",Only use this field if you have US-based data and a source of this information. Do not attempt to infer Ethnicity from the race or ethnic background of the Person. [Accepted ethnicity concepts](http://athena.ohdsi.org/search-terms/terms?domain=Ethnicity&standardConcept=Standard&page=1&pageSize=15&query=),Specific to United States. Do not use.,Do not populate. Specific to United States usage.
cdm,provider,gender_source_concept_id,TRUE,TRUE,integer,0,,2147483647,,integer,FALSE,FALSE,TRUE,TRUE,concept,concept_id,,,,This is often zero as many sites use proprietary codes to store provider gender.,"If the source data codes provider gender in an OMOP supported vocabulary store the concept_id here. If not available, set to 0.",,
omopdb,drug_exposure,drug_exposure_end_iso_interval,,FALSE,,,,,,varchar(55),,FALSE,,FALSE,,,,,,,,Generalization of drug_exposure_start_date(time) allowing for approximation. Both endpoints specified to specific date (or datetime) to establish range. Use identical start/end to indicate known date(time).,"Use ISO 8601-2 standard. Unknown start is ""/YYYY-MM-DD…""; unknown end is ""YYYY-MM-DD/"". For single date-events use identical start/end components."
cdm,drug_exposure,drug_exposure_start_date,TRUE,FALSE,date,,,,,date,FALSE,FALSE,FALSE,FALSE,,,,,,Use this date to determine the start date of the drug record.,"Valid entries include a start date of a prescription, the date a prescription was filled, or the date on which a Drug administration was recorded. It is a valid ETL choice to use the date the drug was ordered as the DRUG_EXPOSURE_START_DATE.",,Only fill if related iso_interval field indicates a known single date(time)
cdm,drug_exposure,drug_exposure_start_datetime,FALSE,FALSE,datetime,,,,,datetime,FALSE,FALSE,FALSE,FALSE,,,,,,,"This is not required, though it is in v6. If a source does not specify datetime the convention is to set the time to midnight (00:00:0000)",,Only fill if related iso_interval field indicates a known single date(time)
omopdb,drug_exposure,drug_exposure_start_iso_interval,,TRUE,,,,,,varchar(55),,FALSE,,FALSE,,,,,,,,Generalization of drug_exposure_end_date(time) allowing for approximation. Both endpoints specified to specific date (or datetime) to establish range. Use identical start/end to indicate known date(time).,
cdm,drug_exposure,verbatim_end_date,FALSE,FALSE,date,,,,,date,FALSE,FALSE,FALSE,FALSE,,,,,,"This is the end date of the drug exposure as it appears in the source data, if it is given",Put the end date or discontinuation date as it appears from the source data or leave blank if unavailable.,,
cdm,drug_strength,valid_end_date,TRUE,TRUE,date,,,,,date,FALSE,FALSE,FALSE,FALSE,,,,,,The date when then Concept became invalid.,,,
cdm,drug_strength,valid_start_date,TRUE,TRUE,date,,,,,date,FALSE,FALSE,FALSE,FALSE,,,,,,"The date when the Concept was first
recorded. The default value is
1-Jan-1970.",,,
cdm,drug_exposure,quantity,FALSE,FALSE,float,,,,,float,FALSE,FALSE,FALSE,FALSE,,,,,,,"To find the dose form of a drug the RELATIONSHIP table can be used where the relationship_id is 'Has dose form'. If liquid, quantity stands for the total amount dispensed or ordered of ingredient in the units given by the drug_strength table. If the unit from the source data does not align with the unit in the DRUG_STRENGTH table the quantity should be converted to the correct unit given in DRUG_STRENGTH. For clinical drugs with fixed dose forms (tablets etc.) the quantity is the number of units/tablets/capsules prescribed or dispensed (can be partial, but then only 1/2 or 1/3, not 0.01). Clinical drugs with divisible dose forms (injections) the quantity is the amount of ingredient the patient got. For example, if the injection is 2mg/mL but the patient got 80mL then quantity is reported as 160.
Quantified clinical drugs with divisible dose forms (prefilled syringes), the quantity is the amount of ingredient similar to clinical drugs. Please see [how to calculate drug dose](https://ohdsi.github.io/CommonDataModel/drug_dose.html) for more information.
",,
cdm,drug_strength,ingredient_concept_id,TRUE,TRUE,integer,0,,2147483647,,integer,FALSE,FALSE,TRUE,TRUE,concept,concept_id,,,,The Concept representing the active ingredient contained within the drug product.,"Combination Drugs will have more than one record in this table, one for each active Ingredient.",,
cdm,concept_synonym,language_concept_id,TRUE,TRUE,integer,0,,2147483647,,integer,FALSE,FALSE,TRUE,TRUE,concept,concept_id,,,,,,,
cdm,drug_exposure,refills,FALSE,FALSE,integer,,,,,integer,FALSE,FALSE,FALSE,FALSE,,,,,,This is only filled in when the record is coming from a prescription written this field is meant to represent intended refills at time of the prescription.,,,
cdm,drug_exposure,days_supply,FALSE,FALSE,integer,,,,,integer,FALSE,FALSE,FALSE,FALSE,,,,,,The number of days of supply of the medication as recorded in the original prescription or dispensing record. Days supply can differ from actual drug duration (i.e. prescribed days supply vs actual exposure).,"The field should be left empty if the source data does not contain a verbatim days_supply, and should not be calculated from other fields.Negative values are not allowed. Several actions are possible: 1) record is not trustworthy and we remove the record entirely. 2) we trust the record and leave days_supply empty or 3) record needs to be combined with other record (e.g. reversal of prescription). High values (>365 days) should be investigated. If considered an error in the source data (e.g. typo), the value needs to be excluded to prevent creation of unrealistic long eras.",,
cdm,note,language_concept_id,TRUE,TRUE,integer,0,,2147483647,,integer,FALSE,FALSE,TRUE,TRUE,concept,concept_id,,,,The language of the note.,Use Concepts that are descendants of the concept [4182347](https://athena.ohdsi.org/search-terms/terms/4182347) (World Languages).,"We don't expect to use this table, at least not initially.",
cdm,measurement,measurement_concept_id,TRUE,TRUE,integer,0,,2147483647,,integer,FALSE,FALSE,TRUE,TRUE,concept,concept_id,Measurement,,,"The MEASUREMENT_CONCEPT_ID field is recommended for primary use in analyses, and must be used for network studies.","The CONCEPT_ID that the MEASUREMENT_SOURCE_CONCEPT_ID maps to. Only records whose SOURCE_CONCEPT_IDs map to Standard Concepts with a domain of ""Measurement"" should go in this table.",,
cdm,drug_exposure,stop_reason,FALSE,FALSE,varchar(20),,,,,varchar(20),FALSE,FALSE,FALSE,FALSE,,,,,,"The reason a person stopped a medication as it is represented in the source. Reasons include regimen completed, changed, removed, etc. This field will be retired in v6.0.",This information is often not populated in source data and it is a valid etl choice to leave it blank if the information does not exist.,,
cdm,drug_exposure,lot_number,FALSE,FALSE,varchar(50),,,,,varchar(50),FALSE,FALSE,FALSE,FALSE,,,,,,,,,
cdm,drug_exposure,drug_source_value,FALSE,FALSE,varchar(50),,,,,varchar(50),FALSE,FALSE,FALSE,FALSE,,,,,,"This field houses the verbatim value from the source data representing the drug exposure that occurred. For example, this could be an NDC or Gemscript code.",This code is mapped to a Standard Drug Concept in the Standardized Vocabularies and the original code is stored here for reference.,,
cdm,drug_exposure,route_source_value,FALSE,FALSE,varchar(50),,,,,varchar(50),FALSE,FALSE,FALSE,FALSE,,,,,,This field houses the verbatim value from the source data representing the drug route.,This information may be called something different in the source data but the field is meant to contain a value indicating when and how a drug was given to a patient. This source value is mapped to a standard concept which is stored in the ROUTE_CONCEPT_ID field.,,
cdm,drug_exposure,dose_unit_source_value,FALSE,FALSE,varchar(50),,,,,varchar(50),FALSE,FALSE,FALSE,FALSE,,,,,,This field houses the verbatim value from the source data representing the dose unit of the drug given.,This information may be called something different in the source data but the field is meant to contain a value indicating the unit of dosage of drug given to the patient. This is an older column and will be deprecated in an upcoming version.,,
cdm,drug_exposure,sig,FALSE,FALSE,varchar(MAX),,,,,varchar(MAX),FALSE,FALSE,FALSE,FALSE,,,,,,This is the verbatim instruction for the drug as written by the provider.,"Put the written out instructions for the drug as it is verbatim in the source, if available.",,
cdm,location_history,end_date,FALSE,FALSE,date,,,,,date,FALSE,FALSE,FALSE,FALSE,,,,,,The date the relationship ended,,,
omopdb,location_history,end_iso_interval,,FALSE,,,,,,varchar(55),,FALSE,,FALSE,,,,,,,,Generalization of start_date allowing for approximate dates.Both endpoints specified to specific date (or datetime) to establish range. Use identical start/end to indicate known date(time).,"Use ISO 8601-2 standard. Unknown start is ""/YYYY-MM-DD…""; unknown end is ""YYYY-MM-DD/"". For single date-events use identical start/end components."
cdm,drug_strength,amount_value,FALSE,FALSE,float,,,,,float,FALSE,FALSE,FALSE,FALSE,,,,,,The numeric value or the amount of active ingredient contained within the drug product.,,,
cdm,drug_strength,numerator_value,FALSE,FALSE,float,,,,,float,FALSE,FALSE,FALSE,FALSE,,,,,,The concentration of the active ingredient contained within the drug product.,,,
cdm,drug_strength,denominator_value,FALSE,FALSE,float,,,,,float,FALSE,FALSE,FALSE,FALSE,,,,,,"The amount of total liquid (or other divisible product, such as ointment, gel, spray, etc.).",,,
cdm,measurement,measurement_source_concept_id,TRUE,TRUE,integer,0,,2147483647,,integer,FALSE,FALSE,TRUE,TRUE,concept,concept_id,,,,"This is the concept representing the MEASUREMENT_SOURCE_VALUE and may not necessarily be standard. This field is discouraged from use in analysis because it is not required to contain Standard Concepts that are used across the OHDSI community, and should only be used when Standard Concepts do not adequately represent the source detail for the Measurement necessary for a given analytic use case. Consider using MEASUREMENT_CONCEPT_ID instead to enable standardized analytics that can be consistent across the network.","If the MEASUREMENT_SOURCE_VALUE is coded in the source data using an OMOP supported vocabulary put the concept id representing the source value here. If not available, set to 0.",,
cdm,measurement,measurement_type_concept_id,TRUE,TRUE,integer,0,,2147483647,,integer,FALSE,FALSE,TRUE,TRUE,concept,concept_id,Type Concept,,,"This field can be used to determine the provenance of the Measurement record, as in whether the measurement was from an EHR system, insurance claim, registry, or other sources.","Choose the MEASUREMENT_TYPE_CONCEPT_ID that best represents the provenance of the record, for example whether it came from an EHR record or billing claim. [Accepted Concepts](https://athena.ohdsi.org/search-terms/terms?domain=Type+Concept&standardConcept=Standard&page=1&pageSize=15&query=).",,
cdm,metadata,metadata_concept_id,TRUE,TRUE,integer,0,,2147483647,,integer,FALSE,FALSE,TRUE,TRUE,concept,concept_id,,,,,,,
cdm,metadata,metadata_type_concept_id,TRUE,TRUE,integer,0,,2147483647,,integer,FALSE,FALSE,TRUE,TRUE,concept,concept_id,,,,,,,
cdm,procedure_occurrence,modifier_concept_id,FALSE,FALSE,integer,0,,2147483647,,integer,FALSE,FALSE,TRUE,TRUE,concept,concept_id,,,,The modifiers are intended to give additional information about the procedure but as of now the vocabulary is under review.,"It is up to the ETL to choose how to map modifiers if they exist in source data. These concepts are typically distinguished by 'Modifier' concept classes (e.g., 'CPT4 Modifier' as part of the 'CPT4' vocabulary). If there is more than one modifier on a record, one should be chosen that pertains to the procedure rather than provider. If not available, set to 0. [Accepted Concepts](https://athena.ohdsi.org/search-terms/terms?conceptClass=CPT4+Modifier&conceptClass=HCPCS+Modifier&vocabulary=CPT4&vocabulary=HCPCS&standardConcept=Standard&page=1&pageSize=15&query=).",,
cdm,drug_strength,box_size,FALSE,FALSE,integer,,,,,integer,FALSE,FALSE,FALSE,FALSE,,,,,,The number of units of Clinical Branded Drug or Quantified Clinical or Branded Drug contained in a box as dispensed to the patient.,,,
cdm,drug_strength,invalid_reason,FALSE,FALSE,varchar(1),,,,,varchar(1),FALSE,FALSE,FALSE,FALSE,,,,,,"Reason the concept was invalidated. Possible values are D (deleted), U (replaced with an update) or NULL when valid_end_date has the default value.",,,
cdm,fact_relationship,fact_id_1,TRUE,TRUE,bigint,,,,,bigint,FALSE,FALSE,FALSE,FALSE,,,,,,,,,
cdm,fact_relationship,fact_id_2,TRUE,TRUE,bigint,,,,,bigint,FALSE,FALSE,FALSE,FALSE,,,,,,,,,
cdm,note,note_class_concept_id,TRUE,TRUE,integer,0,,2147483647,,integer,FALSE,FALSE,TRUE,TRUE,concept,concept_id,,,,"A Standard Concept Id representing the HL7 LOINC
Document Type Vocabulary classification of the note.",Map the note classification to a Standard Concept. For more information see the ETL Conventions in the description of the NOTE table. [AcceptedConcepts](https://athena.ohdsi.org/search-terms/terms?standardConcept=Standard&conceptClass=Doc+Kind&conceptClass=Doc+Role&conceptClass=Doc+Setting&conceptClass=Doc+Subject+Matter&conceptClass=Doc+Type+of+Service&domain=Meas+Value&page=1&pageSize=15&query=). This Concept can alternatively be represented by concepts with the relationship 'Kind of (LOINC)' to [706391](https://athena.ohdsi.org/search-terms/terms/706391) (Note).,"We don't expect to use this table, at least not initially.",
cdm,note,note_event_field_concept_id,FALSE,FALSE,integer,0,,2147483647,,integer,FALSE,FALSE,TRUE,TRUE,concept,concept_id,,,,,,"We don't expect to use this table, at least not initially.",
cdm,note_nlp,note_nlp_concept_id,FALSE,FALSE,integer,0,,2147483647,,integer,FALSE,FALSE,TRUE,TRUE,concept,concept_id,,,,,,"We don't expect to use this table, at least not initially.",
cdm,location,location_id,TRUE,TRUE,bigint,,,,,uuid,TRUE,TRUE,FALSE,FALSE,,,,,,The unique key given to a unique Location.,Each instance of a Location in the source data should be assigned this unique key.,,
cdm,location,latitude,FALSE,FALSE,float,-90,,90,,float,FALSE,FALSE,FALSE,FALSE,,,,,,The geocoded latitude.,,,"Decimal, not deg/min/sec"
cdm,location,longitude,FALSE,FALSE,float,-180,,180,,float,FALSE,FALSE,FALSE,FALSE,,,,,,The geocoded longitude.,,,"Decimal, not deg/min/sec"
cdm,location,state,FALSE,FALSE,varchar(2),,,,,varchar(2),FALSE,FALSE,FALSE,FALSE,,,,,,,,,
cdm,location,county,FALSE,FALSE,varchar(20),,,,,varchar(20),FALSE,FALSE,FALSE,FALSE,,,,,,,,,
cdm,location,address_1,FALSE,FALSE,varchar(50),,,,,varchar(50),FALSE,FALSE,FALSE,FALSE,,,,,,This is the first line of the address.,,,
cdm,location,address_2,FALSE,FALSE,varchar(50),,,,,varchar(50),FALSE,FALSE,FALSE,FALSE,s,,,,,This is the second line of the address,,,
cdm,location,city,FALSE,FALSE,varchar(50),,,,,varchar(50),FALSE,FALSE,FALSE,FALSE,,,,,,,,,
cdm,location,location_source_value,FALSE,FALSE,varchar(50),,,,,varchar(50),FALSE,FALSE,FALSE,FALSE,,,,,,,"Put the verbatim value for the location here, as it shows up in the source.",,
cdm,location,zip,FALSE,FALSE,varchar(9),,,,,varchar(9),FALSE,FALSE,FALSE,FALSE,,,,,,,"Zip codes are handled as strings of up to 9 characters length. For US addresses, these represent either a 3-digit abbreviated Zip code as provided by many sources for patient protection reasons, the full 5-digit Zip or the 9-digit (ZIP + 4) codes. Unless for specific reasons analytical methods should expect and utilize only the first 3 digits. For international addresses, different rules apply.",,
cdm,note_nlp,note_nlp_source_concept_id,FALSE,FALSE,integer,0,,2147483647,,integer,FALSE,FALSE,TRUE,TRUE,concept,concept_id,,,,,,"We don't expect to use this table, at least not initially.",
cdm,location_history,entity_id,TRUE,TRUE,bigint,,,,,uuid,FALSE,FALSE,FALSE,FALSE,,,,,,,"The unique identifier for the entity. References either person_id, provider_id, or care_site_id, depending on domain_id.",,
cdm,location_history,start_date,TRUE,TRUE,date,,,,,date,FALSE,FALSE,FALSE,FALSE,,,,,,The date the relationship started,,,
omopdb,location_history,start_iso_interval,,TRUE,,,,,,varchar(55),,FALSE,,FALSE,,,,,,,,Generalization of start_date allowing for approximate dates. Both endpoints specified to specific date (or datetime) to establish range. Use identical start/end to indicate known date(time).,
cdm,measurement,measurement_date,TRUE,TRUE,date,,,,,date,FALSE,FALSE,FALSE,FALSE,,,,,,Use this date to determine the date of the measurement.,"If there are multiple dates in the source data associated with a record such as order_date, draw_date, and result_date, choose the one that is closest to the date the sample was drawn from the patient.",,
omopdb,measurement,measurement_iso_interval,,TRUE,,,,,,varchar(55),,FALSE,,FALSE,,,,,,,,Generalized date (interval) allowing for approximate date(time) of measurement. Both endpoints specified to specific date (or datetime) to establish range. Use identical start/end to indicate known date(time).,"Use ISO 8601-2 standard. Unknown start is ""/YYYY-MM-DD…""; unknown end is ""YYYY-MM-DD/"". For single date-events use identical start/end components."
cdm,note,note_type_concept_id,TRUE,TRUE,integer,0,,2147483647,,integer,FALSE,FALSE,TRUE,TRUE,concept,concept_id,Type Concept,,,The provenance of the note. Most likely this will be EHR.,"Put the source system of the note, as in EHR record. [Accepted Concepts](https://athena.ohdsi.org/search-terms/terms?standardConcept=Standard&domain=Type+Concept&page=1&pageSize=15&query=).","We don't expect to use this table, at least not initially.",
cdm,location_history,domain_id,TRUE,TRUE,varchar(50),,,,,varchar(50),FALSE,FALSE,FALSE,FALSE,,,,,,,"The domain of the entity that is related to the location. Either PERSON, PROVIDER, or CARE_SITE.",,
cdm,measurement,measurement_id,TRUE,TRUE,bigint,,,,,uuid,TRUE,TRUE,FALSE,FALSE,,,,,,The unique key given to a Measurement record for a Person. Refer to the ETL for how duplicate Measurements during the same Visit were handled.,"Each instance of a measurement present in the source data should be assigned this unique key. In some cases, a person can have multiple records of the same measurement within the same visit. It is valid to keep these duplicates and assign them individual, unique, MEASUREMENT_IDs, though it is up to the ETL how they should be handled.",,
cdm,drug_strength,numerator_unit_concept_id,FALSE,FALSE,integer,0,,2147483647,,integer,FALSE,FALSE,TRUE,TRUE,concept,concept_id,,,,The Concept representing the Unit of measure for the concentration of active ingredient.,,,
cdm,observation,obs_event_field_concept_id,FALSE,FALSE,integer,0,,2147483647,,integer,FALSE,FALSE,TRUE,TRUE,concept,concept_id,,,,"If the Observation record is related to another record in the database, this field is the CONCEPT_ID that identifies which table the primary key of the linked record came from.",Put the CONCEPT_ID that identifies which table and field the OBSERVATION_EVENT_ID came from.,,
cdm,observation,observation_concept_id,TRUE,TRUE,integer,0,,2147483647,,integer,FALSE,FALSE,TRUE,TRUE,concept,concept_id,,,,"The OBSERVATION_CONCEPT_ID field is recommended for primary use in analyses, and must be used for network studies.","The CONCEPT_ID that the OBSERVATION_SOURCE_CONCEPT_ID maps to. There is no specified domain that the Concepts in this table must adhere to. The only rule is that records with Concepts in the Condition, Procedure, Drug, Measurement, or Device domains MUST go to the corresponding table.",,
cdm,observation,observation_source_concept_id,TRUE,TRUE,integer,0,,2147483647,,integer,FALSE,FALSE,TRUE,TRUE,concept,concept_id,,,,"This is the concept representing the OBSERVATION_SOURCE_VALUE and may not necessarily be standard. This field is discouraged from use in analysis because it is not required to contain Standard Concepts that are used across the OHDSI community, and should only be used when Standard Concepts do not adequately represent the source detail for the Observation necessary for a given analytic use case. Consider using OBSERVATION_CONCEPT_ID instead to enable standardized analytics that can be consistent across the network.","If the OBSERVATION_SOURCE_VALUE is coded in the source data using an OMOP supported vocabulary put the concept id representing the source value here. If not available, set to 0.",,
cdm,measurement,measurement_datetime,FALSE,FALSE,datetime,,,,,datetime,FALSE,FALSE,FALSE,FALSE,,,,,,,"This is not required, though it is in v6. If a source does not specify datetime the convention is to set the time to midnight (00:00:0000)",,Only fill if related iso_interval field indicates a known single date(time)
cdm,metadata,metadata_date,FALSE,FALSE,date,,,,,date,FALSE,FALSE,FALSE,FALSE,,,,,,,,,
cdm,metadata,metadata_datetime,FALSE,FALSE,datetime,,,,,datetime,FALSE,FALSE,FALSE,FALSE,,,,,,,,,
cdm,measurement,value_as_number,FALSE,FALSE,float,,,,,float,FALSE,FALSE,FALSE,FALSE,,,,,,"This is the numerical value of the Result of the Measurement, if available. Note that measurements such as blood pressures will be split into their component parts i.e. one record for systolic, one record for diastolic.","If there is a negative value coming from the source, set the VALUE_AS_NUMBER to NULL, with the exception of the following Measurements (listed as LOINC codes):<br>-  [1925-7](https://athena.ohdsi.org/search-terms/terms/3003396) Base excess in Arterial blood by calculation - [1927-3](https://athena.ohdsi.org/search-terms/terms/3002032) Base excess in Venous blood by calculation - [8632-2](https://athena.ohdsi.org/search-terms/terms/3006277) QRS-Axis - [11555-0](https://athena.ohdsi.org/search-terms/terms/3012501) Base excess in Blood by calculation - [1926-5](https://athena.ohdsi.org/search-terms/terms/3003129) Base excess in Capillary blood by calculation - [28638-5](https://athena.ohdsi.org/search-terms/terms/3004959) Base excess in Arterial cord blood by calculation [28639-3](https://athena.ohdsi.org/search-terms/terms/3007435) Base excess in Venous cord blood by calculation",,
cdm,measurement,range_low,FALSE,FALSE,float,,,,,float,FALSE,FALSE,FALSE,FALSE,,,,,,Ranges have the same unit as the VALUE_AS_NUMBER. These ranges are provided by the source and should remain NULL if not given.,If reference ranges for upper and lower limit of normal as provided (typically by a laboratory) these are stored in the RANGE_HIGH and RANGE_LOW fields. This should be set to NULL if not provided.,,
cdm,measurement,range_high,FALSE,FALSE,float,,,,,float,FALSE,FALSE,FALSE,FALSE,,,,,,Ranges have the same unit as the VALUE_AS_NUMBER. These ranges are provided by the source and should remain NULL if not given.,If reference ranges for upper and lower limit of normal as provided (typically by a laboratory) these are stored in the RANGE_HIGH and RANGE_LOW fields. This should be set to NULL if not provided.,,
cdm,observation,observation_type_concept_id,TRUE,TRUE,integer,0,,2147483647,,integer,FALSE,FALSE,TRUE,TRUE,concept,concept_id,Type Concept,,,"This field can be used to determine the provenance of the Observation record, as in whether the measurement was from an EHR system, insurance claim, registry, or other sources.","Choose the OBSERVATION_TYPE_CONCEPT_ID that best represents the provenance of the record, for example whether it came from an EHR record or billing claim. [Accepted Concepts](https://athena.ohdsi.org/search-terms/terms?domain=Type+Concept&standardConcept=Standard&page=1&pageSize=15&query=).",,
cdm,measurement,operator_concept_id,FALSE,FALSE,integer,0,,2147483647,,integer,FALSE,FALSE,TRUE,TRUE,concept,concept_id,,,,"The meaning of Concept [4172703](https://athena.ohdsi.org/search-terms/terms/4172703) for '=' is identical to omission of a OPERATOR_CONCEPT_ID value. Since the use of this field is rare, it's important when devising analyses to not to forget testing for the content of this field for values different from =.","Operators are <, <=, =, >=, > and these concepts belong to the 'Meas Value Operator' domain. [Accepted Concepts](https://athena.ohdsi.org/search-terms/terms?domain=Meas+Value+Operator&standardConcept=Standard&page=1&pageSize=15&query=).",,
cdm,payer_plan_period,payer_concept_id,TRUE,TRUE,integer,0,,2147483647,,integer,FALSE,FALSE,TRUE,TRUE,concept,concept_id,,,,This field represents the organization who reimburses the provider which administers care to the Person.,"Map the Payer directly to a standard CONCEPT_ID. If one does not exists please contact the vocabulary team. There is no global controlled vocabulary available for this information. The point is to stratify on this information and identify if Persons have the same payer, though the name of the Payer is not necessary. If not available, set to 0. [Accepted Concepts](http://athena.ohdsi.org/search-terms/terms?domain=Payer&standardConcept=Standard&page=1&pageSize=15&query=).",,
cdm,payer_plan_period,payer_source_concept_id,TRUE,TRUE,integer,0,,2147483647,,integer,FALSE,FALSE,TRUE,TRUE,concept,concept_id,,,,,"If the source data codes the Payer in an OMOP supported vocabulary store the concept_id here. If not available, set to 0.",,
cdm,observation_period,period_type_concept_id,TRUE,TRUE,Integer,0,,2147483647,,Integer,FALSE,FALSE,TRUE,TRUE,concept,concept_id,Type Concept,,,"This field can be used to determine the provenance of the Observation Period as in whether the period was determined from an insurance enrollment file, EHR healthcare encounters, or other sources.",Choose the observation_period_type_concept_id that best represents how the period was determined. [Accepted Concepts](https://athena.ohdsi.org/search-terms/terms?domain=Type+Concept&standardConcept=Standard&page=1&pageSize=15&query=).,,
cdm,care_site,place_of_service_concept_id,TRUE,TRUE,integer,0,,2147483647,,integer,FALSE,FALSE,TRUE,TRUE,concept,concept_id,,,,"This is a high-level way of characterizing a Care Site. Typically, however, Care Sites can provide care in multiple settings (inpatient, outpatient, etc.) and this granularity should be reflected in the visit.","Choose the concept in the visit domain that best represents the setting in which healthcare is provided in the Care Site. If most visits in a Care Site are Inpatient, then the place_of_service_concept_id should represent Inpatient. If information is present about a unique Care Site (e.g. Pharmacy) then a Care Site record should be created. If this information is not available then set to 0. [Accepted Concepts](https://athena.ohdsi.org/search-terms/terms?domain=Visit&standardConcept=Standard&page=2&pageSize=15&query=).",,
cdm,measurement,measurement_time,FALSE,FALSE,varchar(10),,,,,varchar(10),FALSE,FALSE,FALSE,FALSE,,,,,,,This is present for backwards compatibility and will be deprecated in an upcoming version.,,
cdm,measurement,measurement_source_value,FALSE,FALSE,varchar(50),,,,,varchar(50),FALSE,FALSE,FALSE,FALSE,,,,,,"This field houses the verbatim value from the source data representing the Measurement that occurred. For example, this could be an ICD10 or Read code.",This code is mapped to a Standard Measurement Concept in the Standardized Vocabularies and the original code is stored here for reference.,,
cdm,measurement,unit_source_value,FALSE,FALSE,varchar(50),,,,,varchar(50),FALSE,FALSE,FALSE,FALSE,,,,,,This field houses the verbatim value from the source data representing the unit of the Measurement that occurred.,This code is mapped to a Standard Condition Concept in the Standardized Vocabularies and the original code is stored here for reference.,,
cdm,measurement,value_source_value,FALSE,FALSE,varchar(50),,,,,varchar(50),FALSE,FALSE,FALSE,FALSE,,,,,,This field houses the verbatim result value of the Measurement from the source data .,"If both a continuous and categorical result are given in the source data such that both VALUE_AS_NUMBER and VALUE_AS_CONCEPT_ID are both included, store the verbatim value that was mapped to VALUE_AS_CONCEPT_ID here.",,
cdm,note,note_date,TRUE,TRUE,date,,,,,date,FALSE,FALSE,FALSE,FALSE,,,,,,The date the note was recorded.,,"We don't expect to use this table, at least not initially.",
cdm,note,note_datetime,FALSE,FALSE,datetime,,,,,datetime,FALSE,FALSE,FALSE,FALSE,,,,,,,If time is not given set the time to midnight.,"We don't expect to use this table, at least not initially.",
cdm,payer_plan_period,plan_concept_id,TRUE,TRUE,integer,0,,2147483647,,integer,FALSE,FALSE,TRUE,TRUE,concept,concept_id,,,,This field represents the specific health benefit Plan the Person is enrolled in.,"Map the Plan directly to a standard CONCEPT_ID. If one does not exists please contact the vocabulary team. There is no global controlled vocabulary available for this information. The point is to stratify on this information and identify if Persons have the same health benefit Plan though the name of the Plan is not necessary. If not available, set to 0. [Accepted Concepts](http://athena.ohdsi.org/search-terms/terms?domain=Plan&standardConcept=Standard&page=1&pageSize=15&query=).",,
cdm,payer_plan_period,plan_source_concept_id,TRUE,TRUE,integer,0,,2147483647,,integer,FALSE,FALSE,TRUE,TRUE,concept,concept_id,,,,,"If the source data codes the Plan in an OMOP supported vocabulary store the concept_id here. If not available, set to 0.",,
cdm,procedure_occurrence,procedure_concept_id,TRUE,TRUE,integer,0,,2147483647,,integer,FALSE,FALSE,TRUE,TRUE,concept,concept_id,Procedure,,,"The PROCEDURE_CONCEPT_ID field is recommended for primary use in analyses, and must be used for network studies. This is the standard concept mapped from the source value which represents a procedure","The CONCEPT_ID that the PROCEDURE_SOURCE_VALUE maps to. Only records whose source values map to standard concepts with a domain of ""Procedure"" should go in this table. [Accepted Concepts](https://athena.ohdsi.org/search-terms/terms?domain=Procedure&standardConcept=Standard&page=1&pageSize=15&query=).",,
cdm,metadata,name,TRUE,TRUE,varchar(250),,,,,varchar(250),FALSE,FALSE,FALSE,FALSE,,,,,,,,,
cdm,metadata,value_as_string,FALSE,FALSE,varchar(250),,,,,varchar(250),FALSE,FALSE,FALSE,FALSE,,,,,,,,,
cdm,procedure_occurrence,procedure_type_concept_id,TRUE,TRUE,integer,0,,2147483647,,integer,FALSE,FALSE,TRUE,TRUE,concept,concept_id,Type Concept,,,"This field can be used to determine the provenance of the Procedure record, as in whether the procedure was from an EHR system, insurance claim, registry, or other sources.","Choose the PROCEDURE_TYPE_CONCEPT_ID that best represents the provenance of the record, for example whether it came from an EHR record or billing claim. If a procedure is recorded as an EHR encounter, the PROCEDURE_TYPE_CONCEPT would be 'EHR encounter record'. [Accepted Concepts](https://athena.ohdsi.org/search-terms/terms?domain=Type+Concept&standardConcept=Standard&page=1&pageSize=15&query=).",,
cdm,note,note_event_id,FALSE,FALSE,bigint,,,,,bigint,FALSE,FALSE,FALSE,FALSE,,,,,,,,"We don't expect to use this table, at least not initially.",
cdm,observation,qualifier_concept_id,FALSE,FALSE,integer,0,,2147483647,,integer,FALSE,FALSE,TRUE,TRUE,concept,concept_id,,,,"This field contains all attributes specifying the clinical fact further, such as as degrees, severities, drug-drug interaction alerts etc.","Use your best judgement as to what Concepts to use here and if they are necessary to accurately represent the clinical record. There is no restriction on the domain of these Concepts, they just need to be Standard.",,
cdm,person,ethnicity_source_concept_id,TRUE,FALSE,integer,0,,2147483647,,integer,FALSE,FALSE,TRUE,TRUE,concept,concept_id,,,,"Due to the small number of options, this tends to be zero.","If the source data codes ethnicity in an OMOP supported vocabulary, store the concept_id here, otherwise set to 0.",Specific to United States. Do not use.,Do not populate. Specific to United States usage.
cdm,person,ethnicity_source_value,FALSE,FALSE,varchar(50),,,,,varchar(50),FALSE,FALSE,FALSE,FALSE,,,,,,This field is used to store the ethnicity of the person from the source data. It is not intended for use in standard analytics but for reference only.,"If the person has an ethnicity other than the OMB standard of ""Hispanic"" or ""Not Hispanic"" store that value from the source data here.",Specific to United States. Do not use.,Do not populate. Specific to United States usage.
cdm,note_nlp,nlp_date,TRUE,TRUE,date,,,,,date,FALSE,FALSE,FALSE,FALSE,,,,,,The date of the note processing.,,"We don't expect to use this table, at least not initially.",
cdm,note_nlp,nlp_datetime,FALSE,FALSE,datetime,,,,,datetime,FALSE,FALSE,FALSE,FALSE,,,,,,The date and time of the note processing.,,"We don't expect to use this table, at least not initially.",
cdm,note,note_id,TRUE,TRUE,integer,,,,,uuid,TRUE,TRUE,FALSE,FALSE,,,,,,A unique identifier for each note.,,"We don't expect to use this table, at least not initially.",
cdm,fact_relationship,relationship_concept_id,TRUE,TRUE,integer,0,,2147483647,,integer,FALSE,FALSE,TRUE,TRUE,concept,concept_id,,,,,,,
cdm,relationship,relationship_concept_id,TRUE,TRUE,integer,0,,2147483647,,integer,FALSE,FALSE,TRUE,TRUE,concept,concept_id,,,,,,,
cdm,location_history,relationship_type_concept_id,TRUE,TRUE,integer,0,,2147483647,,integer,FALSE,FALSE,TRUE,TRUE,concept,concept_id,,,,"This is the relationship between the location and the entity (PERSON, PROVIDER, or CARE_SITE)",Concepts in this field must be in the Location class. [Accepted Concepts](https://athena.ohdsi.org/search-terms/terms?standardConcept=Standard&conceptClass=Location&page=1&pageSize=15&query=&boosts). If the DOMAIN_ID is CARE_SITE this should be 0 and when the domain is PROVIDER the value is [Office](https://athena.ohdsi.org/search-terms/terms/4121722).,,
cdm,survey_conduct,respondent_type_concept_id,TRUE,TRUE,integer,0,,2147483647,,integer,FALSE,FALSE,TRUE,TRUE,concept,concept_id,,,,"This is a Concept that represents who actually recorded the answers to the survey. For example, this could be the patient or a research associate.","There is no specific domain or class for this field, just choose the one that best represents the value given in the source.",,
cdm,cost,revenue_code_concept_id,FALSE,FALSE,integer,0,,2147483647,,integer,FALSE,FALSE,TRUE,TRUE,concept,concept_id,,,,A foreign key referring to a Standard Concept ID in the Standardized Vocabularies for Revenue codes belonging to the 'Revenue Code' vocabulary.,,,
cdm,note,note_title,FALSE,FALSE,varchar(250),,,,,varchar(250),FALSE,FALSE,FALSE,FALSE,,,,,,The title of the note.,,"We don't expect to use this table, at least not initially.",
cdm,note,note_source_value,FALSE,FALSE,varchar(50),,,,,varchar(50),FALSE,FALSE,FALSE,FALSE,,,,,,,The source value mapped to the NOTE_CLASS_CONCEPT_ID.,"We don't expect to use this table, at least not initially.",
cdm,note,note_text,TRUE,TRUE,varchar(MAX),,,,,varchar(MAX),FALSE,FALSE,FALSE,FALSE,,,,,,The content of the note.,,"We don't expect to use this table, at least not initially.",
cdm,note_nlp,note_nlp_id,TRUE,TRUE,bigint,,,,,uuid,TRUE,TRUE,FALSE,FALSE,,,,,,A unique identifier for the NLP record.,,"We don't expect to use this table, at least not initially.",
cdm,observation,observation_date,FALSE,FALSE,date,,,,,date,FALSE,FALSE,FALSE,FALSE,,,,,,"The date of the Observation. Depending on what the Observation represents this could be the date of a lab test, the date of a survey, or the date a patient's family history was taken.",For some observations the ETL may need to make a choice as to which date to choose.,,Only fill if related iso_interval field indicates a known single date(time)
cdm,observation,observation_datetime,TRUE,FALSE,datetime,,,,,datetime,FALSE,FALSE,FALSE,FALSE,,,,,,,If no time is given set to midnight (00:00:00).,,Only fill if related iso_interval field indicates a known single date(time)
cdm,note_nlp,note_id,TRUE,TRUE,integer,,,,,uuid,FALSE,FALSE,FALSE,FALSE,,,,,,This is the NOTE_ID for the NOTE record the NLP record is associated to.,,"We don't expect to use this table, at least not initially.",
cdm,drug_exposure,route_concept_id,FALSE,FALSE,integer,0,,2147483647,,integer,FALSE,FALSE,TRUE,TRUE,concept,concept_id,Route,,,,The standard CONCEPT_ID that the ROUTE_SOURCE_VALUE maps to in the route domain.,,
cdm,note_nlp,section_concept_id,FALSE,FALSE,integer,0,,2147483647,,integer,FALSE,FALSE,TRUE,TRUE,concept,concept_id,,,,,"The SECTION_CONCEPT_ID should be used to represent the note section contained in the NOTE_NLP record. These concepts can be found as parts of document panels and are based on the type of note written, i.e. a discharge summary. These panels can be found as concepts with the relationship 'Subsumes' to CONCEPT_ID [45875957](https://athena.ohdsi.org/search-terms/terms/45875957).","We don't expect to use this table, at least not initially.",
cdm,source_to_concept_map,source_concept_id,TRUE,TRUE,integer,0,,2147483647,,integer,FALSE,FALSE,TRUE,TRUE,concept,concept_id,,,,"A foreign key to the Source
Concept that is being translated
into a Standard Concept.","This is either 0 or should be a number above 2 billion, which are the Concepts reserved for site-specific codes and mappings.",,
cdm,note_nlp,term_exists,FALSE,FALSE,varchar(1),,,,,varchar(1),FALSE,FALSE,FALSE,FALSE,,,,,,,"Term_exists is defined as a flag that indicates if the patient actually has or had the condition. Any of the following modifiers would make Term_exists false:
Negation = true
Subject = [anything other than the patient]
Conditional = true/li>
Rule_out = true
Uncertain = very low certainty or any lower certainties
A complete lack of modifiers would make Term_exists true.
","We don't expect to use this table, at least not initially.",
cdm,note_nlp,term_modifiers,FALSE,FALSE,varchar(2000),,,,,varchar(2000),FALSE,FALSE,FALSE,FALSE,,,,,,,"For the modifiers that are there, they would have to have these values:<br><br>
- Negation = false
- Subject = patient
- Conditional = false
- Rule_out = false
- Uncertain = true or high or moderate or even low (could argue about low). Term_modifiers will concatenate all modifiers for different types of entities (conditions, drugs, labs etc) into one string. Lab values will be saved as one of the modifiers.","We don't expect to use this table, at least not initially.",
cdm,note_nlp,snippet,FALSE,FALSE,varchar(250),,,,,varchar(250),FALSE,FALSE,FALSE,FALSE,,,,,,A small window of text surrounding the term,,"We don't expect to use this table, at least not initially.",
cdm,note_nlp,lexical_variant,TRUE,TRUE,varchar(250),,,,,varchar(250),FALSE,FALSE,FALSE,FALSE,,,,,,Raw text extracted from the NLP tool.,,"We don't expect to use this table, at least not initially.",
cdm,note_nlp,nlp_system,FALSE,FALSE,varchar(250),,,,,varchar(250),FALSE,FALSE,FALSE,FALSE,,,,,,,Name and version of the NLP system that extracted the term. Useful for data provenance.,"We don't expect to use this table, at least not initially.",
cdm,note_nlp,offset,FALSE,FALSE,varchar(50),,,,,varchar(50),FALSE,FALSE,FALSE,FALSE,,,,,,Character offset of the extracted term in the input note,,"We don't expect to use this table, at least not initially.",
cdm,note_nlp,term_temporal,FALSE,FALSE,varchar(50),,,,,varchar(50),FALSE,FALSE,FALSE,FALSE,,,,,,,"Term_temporal is to indicate if a condition is present or just in the past. The following would be past:<br><br>
- History = true
- Concept_date = anything before the time of the report","We don't expect to use this table, at least not initially.",
cdm,observation,observation_id,TRUE,TRUE,bigint,,,,,uuid,TRUE,TRUE,FALSE,FALSE,,,,,,The unique key given to an Observation record for a Person. Refer to the ETL for how duplicate Observations during the same Visit were handled.,Each instance of an observation present in the source data should be assigned this unique key.,,
cdm,provider,specialty_concept_id,TRUE,TRUE,integer,0,,2147483647,,integer,FALSE,FALSE,TRUE,TRUE,concept,concept_id,,,,"This field either represents the most common specialty that occurs in the data or the most specific concept that represents all specialties listed, should the provider have more than one. This includes physician specialties such as internal medicine, emergency medicine, etc. and allied health professionals such as nurses, midwives, and pharmacists.","If a Provider has more than one Specialty, there are two options: 1. Choose a concept_id which is a common ancestor to the multiple specialties, or, 2. Choose the specialty that occurs most often for the provider. Concepts in this field should be Standard with a domain of Provider. If not available, set to 0. [Accepted Concepts](http://athena.ohdsi.org/search-terms/terms?domain=Provider&standardConcept=Standard&page=1&pageSize=15&query=).",,
cdm,provider,specialty_source_concept_id,TRUE,TRUE,integer,0,,2147483647,,integer,FALSE,FALSE,TRUE,TRUE,concept,concept_id,,,,This is often zero as many sites use proprietary codes to store physician speciality.,"If the source data codes provider specialty in an OMOP supported vocabulary store the concept_id here. If not available, set to 0.",,
cdm,specimen,specimen_concept_id,TRUE,TRUE,integer,0,,2147483647,,integer,FALSE,FALSE,TRUE,TRUE,concept,concept_id,,,,,The standard CONCEPT_ID that the SPECIMEN_SOURCE_VALUE maps to in the specimen domain. [Accepted Concepts](https://athena.ohdsi.org/search-terms/terms?domain=Specimen&standardConcept=Standard&page=1&pageSize=15&query=),,
cdm,specimen,specimen_type_concept_id,TRUE,TRUE,integer,0,,2147483647,,integer,FALSE,FALSE,TRUE,TRUE,concept,concept_id,Type Concept,,,,"Put the source of the specimen record, as in an EHR system. [Accepted Concepts](https://athena.ohdsi.org/search-terms/terms?standardConcept=Standard&domain=Type+Concept&page=1&pageSize=15&query=).",,
cdm,observation,observation_event_id,FALSE,FALSE,bigint,,,,,bigint,FALSE,FALSE,FALSE,FALSE,,,,,,"If the Observation record is related to another record in the database, this field is the primary key of the linked record.","Put the primary key of the linked record, if applicable, here. See the [ETL Conventions for the OBSERVATION](https://ohdsi.github.io/CommonDataModel/cdm60.html#observation) table for more details.",,
omopdb,observation,observation_iso_interval,,TRUE,,,,,,varchar(55),,FALSE,,FALSE,,,,,,,,Generalized date (interval) allowing for approximate date(time) of the observation was taken. Both endpoints specified to specific date (or datetime) to establish range. Use identical start/end to indicate known date(time).,"Use ISO 8601-2 standard. Unknown start is ""/YYYY-MM-DD…""; unknown end is ""YYYY-MM-DD/"". For single date-events use identical start/end components."
cdm,observation,value_as_datetime,FALSE,FALSE,datetime,,,,,datetime,FALSE,FALSE,FALSE,FALSE,,,,,,It is possible that some Observation records might store a result as a date value.,,,
omopdb,observation,value_as_iso_interval,,FALSE,,,,,,varchar(55),,FALSE,,FALSE,,,,,,,,"Generalized field to record (possibly approximate) datetimes or intervals when these are the value of the observation (e.g., a range of possible birthdays). Both endpoints specified to specific date (or datetime) to establish range. Use identical start/end to indicate known date(time).","Use ISO 8601-1 (single, possible approximate, moments) or ISO 8601-2 (interval, possibly approximate) standard, as appropriate."
cdm,observation_period,observation_period_end_date,TRUE,FALSE,date,,,,,date,FALSE,FALSE,FALSE,FALSE,,,,,,Use this date to determine the end date of the period for which we can assume that all events for a Person are recorded.,"It is often the case that the idea of Observation Periods does not exist in source data. In those cases, the observation_period_end_date can be inferred as the last Event date available for the Person. In insurance claim data, the Observation Period can be considered as the time period the Person is enrolled with a payer.",,Only fill if related iso_interval field indicates a known single date(time)
omopdb,observation_period,observation_period_end_iso_interval,,TRUE,,,,,,varchar(55),,FALSE,,FALSE,,,,,,,,This is a derived table. Including here for completeness. Same concept to represent era over a period as for condition_occurrence.,"Use ISO 8601-2 standard. Unknown start is ""/YYYY-MM-DD…""; unknown end is ""YYYY-MM-DD/"". For single date-events use identical start/end components."
cdm,observation,value_as_number,FALSE,FALSE,float,,,,,float,FALSE,FALSE,FALSE,FALSE,,,,,,"This is the numerical value of the Result of the Observation, if applicable and available. It is not expected that all Observations will have numeric results, rather, this field is here to house values should they exist.",,,
cdm,payer_plan_period,sponsor_concept_id,TRUE,TRUE,integer,0,,2147483647,,integer,FALSE,FALSE,TRUE,TRUE,concept,concept_id,,,,"This field represents the sponsor of the Plan who finances the Plan. This includes self-insured, small group health plan and large group health plan.","Map the sponsor directly to a standard CONCEPT_ID. If one does not exists please contact the vocabulary team. There is no global controlled vocabulary available for this information. The point is to stratify on this information and identify if Persons have the same sponsor though the name of the sponsor is not necessary. If not available, set to 0. [Accepted Concepts](http://athena.ohdsi.org/search-terms/terms?domain=Sponsor&standardConcept=Standard&page=1&pageSize=15&query=).",,
cdm,payer_plan_period,sponsor_source_concept_id,FALSE,FALSE,integer,0,,2147483647,,integer,FALSE,FALSE,TRUE,TRUE,concept,concept_id,,,,,If the source data codes the sponsor in an OMOP supported vocabulary store the concept_id here.,,
cdm,payer_plan_period,stop_reason_concept_id,FALSE,FALSE,integer,0,,2147483647,,integer,FALSE,FALSE,TRUE,TRUE,concept,concept_id,,,,"This field represents the reason the Person left the Plan, if known.",Map the stop reason directly to a standard CONCEPT_ID. If one does not exists please contact the vocabulary team. There is no global controlled vocabulary available for this information. [Accepted Concepts](http://athena.ohdsi.org/search-terms/terms?domain=Plan+Stop+Reason&standardConcept=Standard&page=1&pageSize=15&query=).,,
cdm,payer_plan_period,stop_reason_source_concept_id,FALSE,FALSE,integer,0,,2147483647,,integer,FALSE,FALSE,TRUE,TRUE,concept,concept_id,,,,,If the source data codes the stop reason in an OMOP supported vocabulary store the concept_id here.,,
cdm,cohort_definition,subject_concept_id,TRUE,TRUE,integer,0,,2147483647,,integer,FALSE,FALSE,TRUE,TRUE,concept,concept_id,,,,"This field contains a Concept that represents the domain of the subjects that are members of the cohort (e.g., Person, Provider, Visit).",,,
cdm,survey_conduct,survey_concept_id,TRUE,TRUE,integer,0,,2147483647,,integer,FALSE,FALSE,TRUE,TRUE,concept,concept_id,,,,This is the Concept that represents the survey that was completed.,Put the CONCEPT_ID that identifies the survey that the Person completed. There is no specified domain for this table but the concept class 'staging/scales' contains many common surveys. [Accepted Concepts](https://athena.ohdsi.org/search-terms/terms?standardConcept=Standard&conceptClass=Staging+%2F+Scales&page=5&pageSize=15&query=).,,
cdm,survey_conduct,survey_source_concept_id,TRUE,TRUE,integer,0,,2147483647,,integer,FALSE,FALSE,TRUE,TRUE,concept,concept_id,,,,,"If unavailable, set to 0.",,
cdm,observation,observation_source_value,FALSE,FALSE,varchar(50),,,,,varchar(50),FALSE,FALSE,FALSE,FALSE,,,,,,"This field houses the verbatim value from the source data representing the Observation that occurred. For example, this could be an ICD10 or Read code.",This code is mapped to a Standard Concept in the Standardized Vocabularies and the original code is stored here for reference.,,
cdm,observation,unit_source_value,FALSE,FALSE,varchar(50),,,,,varchar(50),FALSE,FALSE,FALSE,FALSE,,,,,,This field houses the verbatim value from the source data representing the unit of the Observation that occurred.,This code is mapped to a Standard Condition Concept in the Standardized Vocabularies and the original code is stored here for reference.,,
cdm,observation,qualifier_source_value,FALSE,FALSE,varchar(50),,,,,varchar(50),FALSE,FALSE,FALSE,FALSE,,,,,,This field houses the verbatim value from the source data representing the qualifier of the Observation that occurred.,This code is mapped to a Standard Condition Concept in the Standardized Vocabularies and the original code is stored here for reference.,,
cdm,observation,value_as_string,FALSE,FALSE,varchar(60),,,,,varchar(60),FALSE,FALSE,FALSE,FALSE,,,,,,"This is the categorical value of the Result of the Observation, if applicable and available.",,,
cdm,observation_period,observation_period_id,TRUE,TRUE,bigint,,,,,uuid,TRUE,TRUE,FALSE,FALSE,,,,,,A Person can have multiple discrete Observation Periods which are identified by the Observation_Period_Id.,Assign a unique observation_period_id to each discrete Observation Period for a Person.,,
cdm,source_to_concept_map,target_concept_id,TRUE,TRUE,integer,0,,2147483647,,integer,FALSE,FALSE,TRUE,TRUE,concept,concept_id,,,,"The target Concept
to which the source code is being
mapped.",,,
cdm,observation_period,observation_period_start_date,TRUE,FALSE,date,,,,,date,FALSE,FALSE,FALSE,FALSE,,,,,,Use this date to determine the start date of the Observation Period,"It is often the case that the idea of Observation Periods does not exist in source data. In those cases, the observation_period_start_date can be inferred as the earliest Event date available for the Person. In insurance claim data, the Observation Period can be considered as the time period the Person is enrolled with a payer. If a Person switches plans but stays with the same payer, and therefore capturing of data continues, that change would be captured in [PAYER_PLAN_PERIOD](https://ohdsi.github.io/CommonDataModel/cdm60.html#payer_plan_period).",,Only fill if related iso_interval field indicates a known single date(time)
omopdb,observation_period,observation_period_start_iso_interval,,TRUE,,,,,,varchar(55),,FALSE,,,,,,,,,,This is a derived table. Including here for completeness. Same concept to represent observation over a period as for condition_occurrence.,
cdm,payer_plan_period,payer_plan_period_end_date,TRUE,TRUE,date,,,,,date,FALSE,FALSE,FALSE,FALSE,,,,,,End date of Plan coverage.,,,
cdm,payer_plan_period,payer_plan_period_start_date,TRUE,TRUE,date,,,,,date,FALSE,FALSE,FALSE,FALSE,,,,,,Start date of Plan coverage.,,,
cdm,survey_conduct,timing_concept_id,TRUE,TRUE,integer,0,,2147483647,,integer,FALSE,FALSE,TRUE,TRUE,concept,concept_id,,,,This is a Concept that represents the timing of the survey. For example this could be the 3-month follow-up appointment.,"There is no specific domain or class for this field, just choose the one that best represents the value given in the source.",,
cdm,dose_era,unit_concept_id,TRUE,TRUE,integer,0,,2147483647,,integer,FALSE,FALSE,TRUE,TRUE,concept,concept_id,Unit,,,The Concept Id representing the unit of the specific drug ingredient.,,,
cdm,measurement,unit_concept_id,FALSE,FALSE,integer,0,,2147483647,,integer,FALSE,FALSE,TRUE,TRUE,concept,concept_id,Unit,,,"There is currently no recommended unit for individual measurements, i.e. it is not mandatory to represent Hemoglobin a1C measurements as a percentage. UNIT_SOURCE_VALUES should be mapped to a Standard Concept in the Unit domain that best represents the unit as given in the source data.","There is no standardization requirement for units associated with MEASUREMENT_CONCEPT_IDs, however, it is the responsibility of the ETL to choose the most plausible unit.",,
cdm,observation,unit_concept_id,FALSE,FALSE,integer,0,,2147483647,,integer,FALSE,FALSE,TRUE,TRUE,concept,concept_id,Unit,,,There is currently no recommended unit for individual observation concepts. UNIT_SOURCE_VALUES should be mapped to a Standard Concept in the Unit domain that best represents the unit as given in the source data.,"There is no standardization requirement for units associated with OBSERVATION_CONCEPT_IDs, however, it is the responsibility of the ETL to choose the most plausible unit.",,
cdm,person,birth_datetime,FALSE,FALSE,datetime,,,,,datetime,FALSE,FALSE,FALSE,FALSE,,,,,,,"This field is not required but highly encouraged. For data sources that provide the precise datetime of birth, that value should be stored in this field. If birth_datetime is not provided in the source, use the following logic to infer the date: If day_of_birth is null and month_of_birth is not null then use the first of the month in that year. If month_of_birth is null or if day_of_birth AND month_of_birth are both null and the person has records during their year of birth then use the date of the earliest record, otherwise use the 15th of June of that year. If time of birth is not given use midnight (00:00:0000).",Biobase will record this information in observation table.,Do not populate. Biobase will record this information in observation table
cdm,person,death_datetime,FALSE,FALSE,datetime,,,,,datetime,FALSE,FALSE,FALSE,FALSE,,,,,,"This field is the death date to be used in analysis, as determined by the ETL logic. Any additional information about a Person's death is stored in the [OBSERVATION](https://ohdsi.github.io/CommonDataModel/cdm60.html#observation) table with the concept_id [4306655](https://athena.ohdsi.org/search-terms/terms/4306655) or in the CONDITION_OCCURRENCE .","If there are multiple dates of death given for a Person, choose the one that is deemed most reliable. This may be a discharge from the hospital where the Person is listed as deceased or it could be latest death date provided. If a patient has clinical activity more than 60 days after the death date given in the source, it is a viable option to drop the death record as it may have been falsely reported. Similarly, if the death record is from a reputable source (e.g. government provided information) it is also a viable option to remove event records that occur in the data > 60 days after death.",Biobase will record this information in observation table.,Do not populate. Biobase will record this information in observation table
cdm,specimen,unit_concept_id,FALSE,FALSE,integer,0,,2147483647,,integer,FALSE,FALSE,TRUE,TRUE,concept,concept_id,,,,The unit for the quantity of the specimen.,Map the UNIT_SOURCE_VALUE to a Standard Concept in the Unit domain. [Accepted Concepts](https://athena.ohdsi.org/search-terms/terms?domain=Unit&standardConcept=Standard&page=1&pageSize=15&query=),,
cdm,survey_conduct,validated_survey_concept_id,TRUE,TRUE,integer,0,,2147483647,,integer,FALSE,FALSE,TRUE,TRUE,concept,concept_id,,,,,"If unavailable, set to 0.",,
cdm,measurement,value_as_concept_id,FALSE,FALSE,integer,0,,2147483647,,integer,FALSE,FALSE,TRUE,TRUE,concept,concept_id,,,,If the raw data gives a categorial result for measurements those values are captured and mapped to standard concepts in the 'Meas Value' domain.,"If the raw data provides categorial results as well as continuous results for measurements, it is a valid ETL choice to preserve both values. The continuous value should go in the VALUE_AS_NUMBER field and the categorical value should be mapped to a standard concept in the 'Meas Value' domain and put in the VALUE_AS_CONCEPT_ID field. This is also the destination for the 'Maps to value' relationship.",,
cdm,metadata,value_as_concept_id,FALSE,FALSE,integer,0,,2147483647,,integer,FALSE,FALSE,TRUE,TRUE,concept,concept_id,,,,,,,
cdm,observation,value_as_concept_id,FALSE,FALSE,integer,0,,2147483647,,integer,FALSE,FALSE,TRUE,TRUE,concept,concept_id,,,,"It is possible that some records destined for the Observation table have two clinical ideas represented in one source code. This is common with ICD10 codes that describe a family history of some Condition, for example. In OMOP the Vocabulary breaks these two clinical ideas into two codes; one becomes the OBSERVATION_CONCEPT_ID and the other becomes the VALUE_AS_CONCEPT_ID. It is important when using the Observation table to keep this possibility in mind and to examine the VALUE_AS_CONCEPT_ID field for relevant information.","Note that the value of VALUE_AS_CONCEPT_ID may be provided through mapping from a source Concept which contains the content of the Observation. In those situations, the CONCEPT_RELATIONSHIP table in addition to the 'Maps to' record contains a second record with the relationship_id set to 'Maps to value'. For example, ICD10 [Z82.4](https://athena.ohdsi.org/search-terms/terms/45581076) 'Family history of ischaemic heart disease and other diseases of the circulatory system' has a 'Maps to' relationship to [4167217](https://athena.ohdsi.org/search-terms/terms/4167217) 'Family history of clinical finding' as well as a 'Maps to value' record to [134057](https://athena.ohdsi.org/search-terms/terms/134057) 'Disorder of cardiovascular system'.",,
cdm,visit_occurrence,visit_concept_id,TRUE,TRUE,integer,0,,2147483647,,integer,FALSE,FALSE,TRUE,TRUE,concept,concept_id,Visit,,,"This field contains a concept id representing the kind of visit, like inpatient or outpatient. All concepts in this field should be standard and belong to the Visit domain.","Populate this field based on the kind of visit that took place for the person. For example this could be ""Inpatient Visit"", ""Outpatient Visit"", ""Ambulatory Visit"", etc. This table will contain standard concepts in the Visit domain. These concepts are arranged in a hierarchical structure to facilitate cohort definitions by rolling up to generally familiar Visits adopted in most healthcare systems worldwide.",,
cdm,visit_detail,visit_detail_concept_id,TRUE,TRUE,integer,0,,2147483647,,integer,FALSE,FALSE,TRUE,TRUE,concept,concept_id,Visit,,,"This field contains a concept id representing the kind of visit detail, like inpatient or outpatient. All concepts in this field should be standard and belong to the Visit domain.","Populate this field based on the kind of visit that took place for the person. For example this could be ""Inpatient Visit"", ""Outpatient Visit"", ""Ambulatory Visit"", etc. This table will contain standard concepts in the Visit domain. These concepts are arranged in a hierarchical structure to facilitate cohort definitions by rolling up to generally familiar Visits adopted in most healthcare systems worldwide. [Accepted Concepts](https://athena.ohdsi.org/search-terms/terms?domain=Visit&standardConcept=Standard&page=1&pageSize=15&query=).",,
cdm,visit_detail,visit_detail_source_concept_id,TRUE,TRUE,integer,0,,2147483647,,integer,FALSE,FALSE,TRUE,TRUE,concept,concept_id,,,,,"If the VISIT_DETAIL_SOURCE_VALUE is coded in the source data using an OMOP supported vocabulary put the concept id representing the source value here. If not available, map to 0.",,
cdm,visit_detail,visit_detail_type_concept_id,TRUE,TRUE,integer,0,,2147483647,,integer,FALSE,FALSE,TRUE,TRUE,concept,concept_id,Type Concept,,,"Use this field to understand the provenance of the visit detail record, or where the record comes from.","Populate this field based on the provenance of the visit detail record, as in whether it came from an EHR record or billing claim. [Accepted Concepts](https://athena.ohdsi.org/search-terms/terms?domain=Type+Concept&standardConcept=Standard&page=1&pageSize=15&query=).",,
cdm,visit_occurrence,visit_source_concept_id,TRUE,TRUE,integer,0,,2147483647,,integer,FALSE,FALSE,TRUE,TRUE,concept,concept_id,,,,,If the visit source value is coded in the source data using an OMOP supported vocabulary put the concept id representing the source value here. If not available set to 0.,,
cdm,payer_plan_period,payer_source_value,FALSE,FALSE,varchar(50),,,,,varchar(50),FALSE,FALSE,FALSE,FALSE,,,,,,This is the Payer as it appears in the source data.,,,
cdm,payer_plan_period,plan_source_value,FALSE,FALSE,varchar(50),,,,,varchar(50),FALSE,FALSE,FALSE,FALSE,,,,,,This is the health benefit Plan of the Person as it appears in the source data.,,,
cdm,payer_plan_period,contract_source_value,TRUE,TRUE,varchar(50),,,,,varchar(50),FALSE,FALSE,FALSE,FALSE,,,,,,This is the relationship of the PERSON_ID to CONTRACT_PERSON_ID as it appears in the source data.,,,
cdm,payer_plan_period,sponsor_source_value,FALSE,FALSE,varchar(50),,,,,varchar(50),FALSE,FALSE,FALSE,FALSE,,,,,,The Plan sponsor as it appears in the source data.,,,
cdm,payer_plan_period,family_source_value,FALSE,FALSE,varchar(50),,,,,varchar(50),FALSE,FALSE,FALSE,FALSE,,,,,,The common identifier for all people (often a family) that covered by the same policy.,Often these are the common digits of the enrollment id of the policy members.,,
cdm,payer_plan_period,stop_reason_source_value,FALSE,FALSE,varchar(50),,,,,varchar(50),FALSE,FALSE,FALSE,FALSE,,,,,,The Plan stop reason as it appears in the source data.,,,
cdm,person,gender_concept_id,TRUE,FALSE,integer,0,,2147483647,,integer,FALSE,FALSE,TRUE,TRUE,concept,concept_id,Gender,,,This field is meant to capture the biological sex at birth of the Person. This field should not be used to study gender identity issues.,Use the gender or sex value present in the data under the assumption that it is the biological sex at birth. If the source data captures gender identity it should be stored in the [OBSERVATION](https://ohdsi.github.io/CommonDataModel/cdm60.html#observation) table. [Accepted gender concepts](http://athena.ohdsi.org/search-terms/terms?domain=Gender&standardConcept=Standard&page=1&pageSize=15&query=),Biobase will record this information in observation table.,Do not populate. Biobase will record this information in observation table
cdm,visit_occurrence,visit_type_concept_id,TRUE,TRUE,integer,0,,2147483647,,integer,FALSE,FALSE,TRUE,TRUE,concept,concept_id,Type Concept,,,"Use this field to understand the provenance of the visit record, or where the record comes from.","Populate this field based on the provenance of the visit record, as in whether it came from an EHR record or billing claim.",,
cdm,vocabulary,vocabulary_concept_id,TRUE,TRUE,integer,0,,2147483647,,integer,FALSE,FALSE,TRUE,TRUE,concept,concept_id,,,,A Concept that represents the Vocabulary the VOCABULARY record belongs to.,,,
cdm,person,gender_source_concept_id,TRUE,FALSE,integer,0,,2147483647,,integer,FALSE,FALSE,TRUE,TRUE,concept,concept_id,,,,"Due to the small number of options, this tends to be zero.","If the source data codes biological sex in a non-standard vocabulary, store the concept_id here, otherwise set to 0.",Biobase will record this information in observation table.,Do not populate. Biobase will record this information in observation table
cdm,person,gender_source_value,FALSE,FALSE,varchar(50),,,,,varchar(50),FALSE,FALSE,FALSE,FALSE,,,,,,This field is used to store the biological sex of the person from the source data. It is not intended for use in standard analytics but for reference only.,Put the biological sex of the person as it appears in the source data.,Biobase will record this information in observation table.,Do not populate. Biobase will record this information in observation table
cdm,provider,care_site_id,FALSE,FALSE,bigint,,,,,uuid,FALSE,FALSE,TRUE,TRUE,care_site,care_site_id,,,,This is the CARE_SITE_ID for the location that the provider primarily practices in.,"If a Provider has more than one Care Site, the main or most often exerted CARE_SITE_ID should be recorded.",,
cdm,visit_detail,care_site_id,FALSE,FALSE,bigint,,,,,uuid,FALSE,FALSE,TRUE,TRUE,care_site,care_site_id,,,,This field provides information about the Care Site where the Visit Detail took place.,There should only be one Care Site associated with a Visit Detail.,,
cdm,person,location_id,FALSE,FALSE,bigint,,,,,uuid,FALSE,FALSE,TRUE,TRUE,location,location_id,,,,The location refers to the physical address of the person. This field should capture the last known location of the person.  Any prior locations are captured in the [LOCATION_HISTORY](https://ohdsi.github.io/CommonDataModel/cdm60.html#location_history) table.,"Put the location_id from the LOCATION table here that represents the most granular location information for the person. This could represent anything from postal code or parts thereof, state, or county for example. Since many databases contain deidentified data, it is common that the precision of the location is reduced to prevent re-identification. This field should capture the last known location. Any prior locations are captured in the [LOCATION_HISTORY](https://ohdsi.github.io/CommonDataModel/cdm60.html#location_history) table.","OMOP spec limited to concept of residence. Biocase will track additional location concepts for a given person, and store in location_history table.",Do not populate. Biobase will record this information in location_history table
cdm,person,month_of_birth,FALSE,FALSE,integer,1,,12,,integer,FALSE,FALSE,FALSE,FALSE,,,,,,,"For data sources that provide the precise date of birth, the month should be extracted and stored in this field.",Biobase will record this information in observation table.,Do not populate. Biobase will record this information in observation table
cdm,person,person_id,TRUE,TRUE,bigint,,,,,uuid,TRUE,TRUE,FALSE,FALSE,,,,,,It is assumed that every person with a different unique identifier is in fact a different person and should be treated independently.,"Any person linkage that needs to occur to uniquely identify Persons ought to be done prior to writing this table. This identifier can be the original id from the source data provided if it is an integer, otherwise it can be an autogenerated number.",,
cdm,visit_occurrence,care_site_id,FALSE,FALSE,bigint,,,,,uuid,FALSE,FALSE,TRUE,TRUE,care_site,care_site_id,,,,This field provides information about the care site where the visit took place.,There should only be one care site associated with a visit.,,
cdm,cohort_definition,cohort_definition_id,TRUE,TRUE,integer,,,,,uuid,FALSE,FALSE,TRUE,TRUE,cohort,cohort_definition_id,,,,"This is the identifier given to the cohort, usually by the ATLAS application",,,
cdm,payer_plan_period,contract_person_id,FALSE,FALSE,bigint,,,,,uuid,FALSE,FALSE,TRUE,TRUE,person,person_id,,,,The Person who is the primary subscriber/contract owner for Plan.,"This may or may not be the same as the PERSON_ID. For example, if a mother has her son on her plan and the PAYER_PLAN_PERIOD record is the for son, the sons's PERSON_ID would go in PAYER_PLAN_PERIOD.PERSON_ID and the mother's PERSON_ID would go in PAYER_PLAN_PERIOD.CONTRACT_PERSON_ID.",,
cdm,payer_plan_period,contract_source_concept_id,TRUE,TRUE,integer,0,,2147483647,,integer,FALSE,FALSE,TRUE,TRUE,concept,concept_id,,,,,"If the source data codes the relationship between the PERSON_ID and CONTRACT_PERSON_ID in an OMOP supported vocabulary store the concept_id here. If not available, set to 0.",,
cdm,care_site,location_id,FALSE,FALSE,bigint,,,,,uuid,FALSE,FALSE,TRUE,TRUE,location,location_id,,,,The location_id from the LOCATION table representing the physical location of the care_site.,,,
cdm,person,person_source_value,FALSE,FALSE,varchar(50),,,,,varchar(50),FALSE,FALSE,FALSE,FALSE,,,,,,Use this field to link back to persons in the source data. This is typically used for error checking of ETL logic.,Some use cases require the ability to link back to persons in the source data. This field allows for the storing of the person value as it appears in the source. This field is not required but strongly recommended.,"OMOP spec does not correspond to our use case: we do not populate much in the person table and depending upon source, possible rely on multiple records to populate the relevant data in other tables.",Do not populate.
omopdb,person,person_type_concept_id,,TRUE,,0,,2147483647,,integer,,FALSE,,TRUE,concept,concept_id,,,,,,"We use a generalized ""person"" that can refer to humans, animals, environmental samples, etc. This field specifies what type of entity the person_id corresponds to.",Populate with standardized vocab concept or custom concepts (TBD).
cdm,person,provider_id,FALSE,FALSE,bigint,,,,,uuid,FALSE,FALSE,TRUE,TRUE,provider,provider_id,,,,The Provider refers to the last known primary care provider (General Practitioner).,"Put the provider_id from the PROVIDER table of the last known general practitioner of the person. If there are multiple providers, it is up to the ETL to decide which to put here.",OMOP spec does not correspond to our use case.,Do not populate.
cdm,person,race_concept_id,TRUE,FALSE,integer,0,,2147483647,,integer,FALSE,FALSE,TRUE,TRUE,concept,concept_id,Race,,,This field captures race or ethnic background of the person.,"Only use this field if you have information about race or ethnic background. The Vocabulary contains Concepts about the main races and ethnic backgrounds in a hierarchical system. Due to the imprecise nature of human races and ethnic backgrounds, this is not a perfect system. Mixed races are not supported. If a clear race or ethnic background cannot be established, use Concept_Id 0. [Accepted Race Concepts](http://athena.ohdsi.org/search-terms/terms?domain=Race&standardConcept=Standard&page=1&pageSize=15&query=).",Do not expect to have in (initial) omopdb usage as NL government does not record.,Not present in RIVM datasets. Populate only in case of other usage.
cdm,procedure_occurrence,procedure_occurrence_id,TRUE,TRUE,bigint,,,,,uuid,TRUE,TRUE,FALSE,FALSE,,,,,,The unique key given to a procedure record for a person. Refer to the ETL for how duplicate procedures during the same visit were handled.,"Each instance of a procedure occurrence in the source data should be assigned this unique key. In some cases, a person can have multiple records of the same procedure within the same visit. It is valid to keep these duplicates and assign them individual, unique, PROCEDURE_OCCURRENCE_IDs, though it is up to the ETL how they should be handled.",,
cdm,location_history,location_id,TRUE,TRUE,bigint,,,,,uuid,FALSE,FALSE,TRUE,TRUE,location,location_id,,,,This is the LOCATION_ID for the LOCATION_HISTORY record.,,,
cdm,procedure_occurrence,provider_id,FALSE,FALSE,bigint,,,,,bigint,FALSE,FALSE,FALSE,FALSE,provider,provider_id,,,,"The provider associated with the procedure record, e.g. the provider who performed the Procedure.","The ETL may need to make a choice as to which PROVIDER_ID to put here. Based on what is available this may or may not be different than the provider associated with the overall VISIT_OCCURRENCE record, for example the admitting vs attending physician on an EHR record.",,
cdm,procedure_occurrence,visit_occurrence_id,FALSE,FALSE,bigint,,,,,bigint,FALSE,FALSE,FALSE,FALSE,visit_occurrence,visit_occurrence_id,,,,The visit during which the procedure occurred.,"Depending on the structure of the source data, this may have to be determined based on dates. If a PROCEDURE_DATE occurs within the start and end date of a Visit it is a valid ETL choice to choose the VISIT_OCCURRENCE_ID from the Visit that subsumes it, even if not explicitly stated in the data. While not required, an attempt should be made to locate the VISIT_OCCURRENCE_ID of the PROCEDURE_OCCURRENCE record.",,
cdm,procedure_occurrence,visit_detail_id,FALSE,FALSE,bigint,,,,,bigint,FALSE,FALSE,FALSE,FALSE,visit_detail,visit_detail_id,,,,"The VISIT_DETAIL record during which the Procedure occurred. For example, if the Person was in the ICU at the time of the Procedure the VISIT_OCCURRENCE record would reflect the overall hospital stay and the VISIT_DETAIL record would reflect the ICU stay during the hospital visit.",Same rules apply as for the VISIT_OCCURRENCE_ID.,,
cdm,procedure_occurrence,procedure_date,FALSE,FALSE,date,,,,,date,FALSE,FALSE,FALSE,FALSE,,,,,,Use this date to determine the date the procedure occurred.,"If a procedure lasts more than a day, then it should be recorded as a separate record for each day the procedure occurred, this logic is in lieu of the procedure_end_date, which will be added in a future version of the CDM.",,Only fill if related iso_interval field indicates a known single date(time)
cdm,procedure_occurrence,procedure_datetime,TRUE,FALSE,datetime,,,,,datetime,FALSE,FALSE,FALSE,FALSE,,,,,,,"This is not required, though it is in v6. If a source does not specify datetime the convention is to set the time to midnight (00:00:0000)",,Only fill if related iso_interval field indicates a known single date(time)
cdm,person,race_source_concept_id,TRUE,FALSE,integer,0,,2147483647,,integer,FALSE,FALSE,TRUE,TRUE,concept,concept_id,,,,"Due to the small number of options, this tends to be zero.","If the source data codes race in an OMOP supported vocabulary store the concept_id here, otherwise set to 0.",Do not expect to have in (initial) omopdb usage as NL government does not record.,Not present in RIVM datasets. Populate only in case of other usage.
cdm,payer_plan_period,payer_plan_period_id,TRUE,TRUE,bigint,,,,,uuid,TRUE,TRUE,,,,,,,,"A unique identifier for each unique combination of a Person, Payer, Plan, and Period of time.",,,
cdm,condition_occurrence,person_id,TRUE,TRUE,bigint,,,,,uuid,FALSE,FALSE,TRUE,TRUE,person,person_id,,,,The PERSON_ID of the PERSON for whom the condition is recorded.,,,
cdm,procedure_occurrence,quantity,FALSE,FALSE,integer,,,,,integer,FALSE,FALSE,FALSE,FALSE,,,,,,"If the quantity value is omitted, a single procedure is assumed.","If a Procedure has a quantity of '0' in the source, this should default to '1' in the ETL. If there is a record in the source it can be assumed the exposure occurred at least once",,
cdm,procedure_occurrence,procedure_source_concept_id,TRUE,TRUE,integer,0,,2147483647,,integer,FALSE,FALSE,FALSE,FALSE,concept,concept_id,,,,"This is the concept representing the procedure source value and may not necessarily be standard. This field is discouraged from use in analysis because it is not required to contain Standard Concepts that are used across the OHDSI community, and should only be used when Standard Concepts do not adequately represent the source detail for the Procedure necessary for a given analytic use case. Consider using PROCEDURE_CONCEPT_ID instead to enable standardized analytics that can be consistent across the network.","If the PROCEDURE_SOURCE_VALUE is coded in the source data using an OMOP supported vocabulary put the concept id representing the source value here. If not available, set to 0.",,
cdm,procedure_occurrence,procedure_source_value,FALSE,FALSE,varchar(50),,,,,varchar(50),FALSE,FALSE,FALSE,FALSE,,,,,,"This field houses the verbatim value from the source data representing the procedure that occurred. For example, this could be an CPT4 or OPCS4 code.",Use this value to look up the source concept id and then map the source concept id to a standard concept id.,,
cdm,procedure_occurrence,modifier_source_value,FALSE,FALSE,varchar(50),,,,,varchar(50),FALSE,FALSE,FALSE,FALSE,,,,,,,The original modifier code from the source is stored here for reference.,,
cdm,provider,provider_id,TRUE,TRUE,bigint,,,,,uuid,TRUE,TRUE,FALSE,FALSE,,,,,,It is assumed that every provider with a different unique identifier is in fact a different person and should be treated independently.,"This identifier can be the original id from the source data provided it is an integer, otherwise it can be an autogenerated number.",,
cdm,device_exposure,person_id,TRUE,TRUE,bigint,,,,,uuid,FALSE,FALSE,TRUE,TRUE,person,person_id,,,,,,,
cdm,dose_era,person_id,TRUE,TRUE,bigint,,,,,uuid,FALSE,FALSE,TRUE,TRUE,person,person_id,,,,,,,
cdm,provider,year_of_birth,FALSE,FALSE,integer,,,,,integer,FALSE,FALSE,FALSE,FALSE,,,,,,,,,
cdm,drug_era,person_id,TRUE,TRUE,bigint,,,,,uuid,FALSE,FALSE,TRUE,TRUE,person,person_id,,,,,,,
cdm,drug_exposure,person_id,TRUE,TRUE,bigint,,,,,uuid,FALSE,FALSE,TRUE,TRUE,person,person_id,,,,The PERSON_ID of the PERSON for whom the drug dispensing or administration is recorded. This may be a system generated code.,,,
cdm,measurement,person_id,TRUE,TRUE,bigint,,,,,uuid,FALSE,FALSE,TRUE,TRUE,person,person_id,,,,The PERSON_ID of the PERSON for whom the measurement is recorded. This may be a system generated code.,,,
cdm,provider,npi,FALSE,FALSE,varchar(20),,,,,varchar(20),FALSE,FALSE,FALSE,FALSE,,,,,,This is the National Provider Number issued to health care providers in the US by the Centers for Medicare and Medicaid Services (CMS).,,,
cdm,provider,dea,FALSE,FALSE,varchar(20),,,,,varchar(20),FALSE,FALSE,FALSE,FALSE,,,,,,"This is the identifier issued by the DEA, a US federal agency, that allows a provider to write prescriptions for controlled substances.",,,
cdm,provider,provider_name,FALSE,FALSE,varchar(255),,,,,varchar(255),FALSE,FALSE,FALSE,FALSE,,,,,,,"This field is not necessary as it is not necessary to have the actual identity of the Provider. Rather, the idea is to uniquely and anonymously identify providers of care across the database.",,
cdm,provider,provider_source_value,FALSE,FALSE,varchar(50),,,,,varchar(50),FALSE,FALSE,FALSE,FALSE,,,,,,Use this field to link back to providers in the source data. This is typically used for error checking of ETL logic.,Some use cases require the ability to link back to providers in the source data. This field allows for the storing of the provider identifier as it appears in the source.,,
cdm,provider,specialty_source_value,FALSE,FALSE,varchar(50),,,,,varchar(50),FALSE,FALSE,FALSE,FALSE,,,,,,"This is the kind of provider or specialty as it appears in the source data. This includes physician specialties such as internal medicine, emergency medicine, etc. and allied health professionals such as nurses, midwives, and pharmacists.",Put the kind of provider as it appears in the source data. This field is up to the discretion of the ETL-er as to whether this should be the coded value from the source or the text description of the lookup value.,,
cdm,provider,gender_source_value,FALSE,FALSE,varchar(50),,,,,varchar(50),FALSE,FALSE,FALSE,FALSE,,,,,,This is provider's gender as it appears in the source data.,Put the provider's gender as it appears in the source data. This field is up to the discretion of the ETL-er as to whether this should be the coded value from the source or the text description of the lookup value.,,
cdm,note,person_id,TRUE,TRUE,bigint,,,,,uuid,FALSE,FALSE,TRUE,TRUE,person,person_id,,,,,,"We don't expect to use this table, at least not initially.",
cdm,relationship,is_hierarchical,TRUE,TRUE,varchar(1),,,,,varchar(1),FALSE,FALSE,FALSE,FALSE,,,,,,,,,
cdm,relationship,defines_ancestry,TRUE,TRUE,varchar(1),,,,,varchar(1),FALSE,FALSE,FALSE,FALSE,,,,,,,,,
cdm,relationship,relationship_id,TRUE,TRUE,varchar(20),,,,,varchar(20),TRUE,TRUE,FALSE,FALSE,,,,,,,,,
cdm,relationship,reverse_relationship_id,TRUE,TRUE,varchar(20),,,,,varchar(20),FALSE,FALSE,FALSE,FALSE,,,,,,,,,
cdm,relationship,relationship_name,TRUE,TRUE,varchar(255),,,,,varchar(255),FALSE,FALSE,FALSE,FALSE,,,,,,,,,
omopdb,procedure_occurrence,procedure_iso_interval,,TRUE,,,,,,varchar(55),,FALSE,,FALSE,,,,,,,,Generalized date (interval) allowing for approximate date(time) of procedure. Both endpoints specified to specific date (or datetime) to establish range. Use identical start/end to indicate known date(time).,"Use ISO 8601-2 standard. Unknown start is ""/YYYY-MM-DD…""; unknown end is ""YYYY-MM-DD/"". For single date-events use identical start/end components."
cdm,source_to_concept_map,valid_end_date,TRUE,TRUE,date,,,,,date,FALSE,FALSE,FALSE,FALSE,,,,,,"The date when the mapping
instance became invalid because it
was deleted or superseded
(updated) by a new relationship.
Default value is 31-Dec-2099.",,,
cdm,source_to_concept_map,valid_start_date,TRUE,TRUE,date,,,,,date,FALSE,FALSE,FALSE,FALSE,,,,,,"The date when the mapping
instance was first recorded.",,,
cdm,observation,person_id,TRUE,TRUE,bigint,,,,,uuid,FALSE,FALSE,TRUE,TRUE,person,person_id,,,,The PERSON_ID of the Person for whom the Observation is recorded. This may be a system generated code.,,,
cdm,observation_period,person_id,TRUE,TRUE,bigint,,,,,uuid,FALSE,FALSE,TRUE,TRUE,person,person_id,,,,The Person ID of the PERSON record for which the Observation Period is recorded.,,,
cdm,source_to_concept_map,invalid_reason,FALSE,FALSE,varchar(1),,,,,varchar(1),FALSE,FALSE,FALSE,FALSE,,,,,,"Reason the mapping instance was
invalidated. Possible values are D
(deleted), U (replaced with an
update) or NULL when
valid_end_date has the default
value.",,,
cdm,source_to_concept_map,source_vocabulary_id,TRUE,TRUE,varchar(20),,,,,varchar(20),FALSE,FALSE,FALSE,FALSE,,,,,,"A foreign key to the
VOCABULARY table defining the
vocabulary of the source code that
is being translated to a Standard
Concept.",,,
cdm,payer_plan_period,person_id,TRUE,TRUE,bigint,,,,,uuid,FALSE,FALSE,TRUE,TRUE,person,person_id,,,,The Person covered by the Plan.,"A single Person can have multiple, overlapping, PAYER_PLAN_PERIOD records",,
cdm,source_to_concept_map,source_code_description,FALSE,FALSE,varchar(255),,,,,varchar(255),FALSE,FALSE,FALSE,FALSE,,,,,,"An optional description for the
source code. This is included as a
convenience to compare the
description of the source code to
the name of the concept.",,,
cdm,source_to_concept_map,source_code,TRUE,TRUE,varchar(50),,,,,varchar(50),FALSE,FALSE,FALSE,FALSE,,,,,,"The source code being translated
into a Standard Concept.",,,
cdm,specimen,specimen_id,TRUE,TRUE,bigint,,,,,uuid,TRUE,TRUE,FALSE,FALSE,,,,,,Unique identifier for each specimen.,,,
cdm,procedure_occurrence,person_id,TRUE,TRUE,bigint,,,,,uuid,FALSE,FALSE,TRUE,TRUE,person,person_id,,,,The PERSON_ID of the PERSON for whom the procedure is recorded. This may be a system generated code.,,,
cdm,specimen,specimen_date,TRUE,FALSE,date,,,,,date,FALSE,FALSE,FALSE,FALSE,,,,,,The date the specimen was collected.,,,Only fill if related iso_interval field indicates a known single date(time)
cdm,specimen,specimen_datetime,FALSE,FALSE,datetime,,,,,datetime,FALSE,FALSE,FALSE,FALSE,,,,,,,,,Only fill if related iso_interval field indicates a known single date(time)
cdm,specimen,quantity,FALSE,FALSE,float,,,,,float,FALSE,FALSE,FALSE,FALSE,,,,,,The amount of specimen collected from the person.,,,
cdm,specimen,person_id,TRUE,TRUE,bigint,,,,,uuid,FALSE,FALSE,TRUE,TRUE,person,person_id,,,,The person from whom the specimen is collected.,,,
cdm,survey_conduct,person_id,TRUE,TRUE,bigint,,,,,uuid,FALSE,FALSE,TRUE,TRUE,person,person_id,,,,,,,
cdm,visit_detail,person_id,TRUE,TRUE,bigint,,,,,uuid,FALSE,FALSE,TRUE,TRUE,person,person_id,,,,,,,
cdm,visit_occurrence,person_id,TRUE,TRUE,bigint,,,,,uuid,FALSE,FALSE,TRUE,TRUE,person,person_id,,,,,,,
cdm,visit_detail,preceding_visit_detail_id,FALSE,FALSE,bigint,,,,,uuid,FALSE,FALSE,TRUE,TRUE,visit_detail,visit_detail_id,,,,Use this field to find the visit detail that occurred for the person prior to the given visit detail record. There could be a few days or a few years in between.,"The PRECEDING_VISIT_DETAIL_ID can be used to link a visit immediately preceding the current Visit Detail. Note this is not symmetrical, and there is no such thing as a ""following_visit_id"".",,
cdm,specimen,specimen_source_id,FALSE,FALSE,varchar(50),,,,,varchar(50),FALSE,FALSE,FALSE,FALSE,,,,,,This is the identifier for the specimen from the source system.,,,
cdm,specimen,specimen_source_value,FALSE,FALSE,varchar(50),,,,,varchar(50),FALSE,FALSE,FALSE,FALSE,,,,,,,,,
cdm,specimen,unit_source_value,FALSE,FALSE,varchar(50),,,,,varchar(50),FALSE,FALSE,FALSE,FALSE,,,,,,,"This unit for the quantity of the specimen, as represented in the source.",,
cdm,specimen,anatomic_site_source_value,FALSE,FALSE,varchar(50),,,,,varchar(50),FALSE,FALSE,FALSE,FALSE,,,,,,,"This is the site on the body where the specimen was taken from, as represented in the source.",,
cdm,specimen,disease_status_source_value,FALSE,FALSE,varchar(50),,,,,varchar(50),FALSE,FALSE,FALSE,FALSE,,,,,,,,,
cdm,survey_conduct,survey_conduct_id,TRUE,TRUE,bigint,,,,,uuid,TRUE,TRUE,FALSE,FALSE,,,,,,Unique identifier for each completed survey.,For each instance of a survey completion create a unique identifier.,,
cdm,visit_occurrence,preceding_visit_occurrence_id,FALSE,FALSE,bigint,,,,,uuid,FALSE,FALSE,TRUE,TRUE,visit_occurrence,visit_occurrence_id,,,,Use this field to find the visit that occurred for the person prior to the given visit. There could be a few days or a few years in between.,"The preceding_visit_id can be used to link a visit immediately preceding the current visit. Note this is not symmetrical, and there is no such thing as a ""following_visit_id"".",,
cdm,condition_occurrence,provider_id,FALSE,FALSE,bigint,,,,,uuid,FALSE,FALSE,TRUE,TRUE,provider,provider_id,,,,"The provider associated with condition record, e.g. the provider who made the diagnosis or the provider who recorded the symptom.","The ETL may need to make a choice as to which PROVIDER_ID to put here. Based on what is available this may or may not be different than the provider associated with the overall VISIT_OCCURRENCE record, for example the admitting vs attending physician on an EHR record.",,
cdm,device_exposure,provider_id,FALSE,FALSE,bigint,,,,,uuid,FALSE,FALSE,TRUE,TRUE,provider,provider_id,,,,"The Provider associated with device record, e.g. the provider who wrote the prescription or the provider who implanted the device.",The ETL may need to make a choice as to which PROVIDER_ID to put here. Based on what is available this may or may not be different than the provider associated with the overall VISIT_OCCURRENCE record.,,
cdm,drug_exposure,provider_id,FALSE,FALSE,bigint,,,,,uuid,FALSE,FALSE,TRUE,TRUE,provider,provider_id,,,,"The Provider associated with drug record, e.g. the provider who wrote the prescription or the provider who administered the drug.","The ETL may need to make a choice as to which PROVIDER_ID to put here. Based on what is available this may or may not be different than the provider associated with the overall VISIT_OCCURRENCE record, for example the ordering vs administering physician on an EHR record.",,
omopdb,specimen,specimen_iso_interval,,TRUE,,,,,,varchar(55),,FALSE,,FALSE,,,,,,,,Generalization of specimen_date(time) allowing for approximate date(time) the specimen was taken. Use identical start/end to indicate known date(time).,"Use ISO 8601-2 standard. Unknown start is ""/YYYY-MM-DD…""; unknown end is ""YYYY-MM-DD/"". For single date-events use identical start/end components."
cdm,survey_conduct,survey_end_date,FALSE,FALSE,date,,,,,date,FALSE,FALSE,FALSE,FALSE,,,,,,Date on which the survey was completed.,,,
cdm,survey_conduct,survey_end_datetime,TRUE,TRUE,datetime,,,,,datetime,FALSE,FALSE,FALSE,FALSE,,,,,,,"If no time given, set to midnight.",,
cdm,survey_conduct,survey_start_date,FALSE,FALSE,date,,,,,date,FALSE,FALSE,FALSE,FALSE,,,,,,Date on which the survey was started.,,,
cdm,survey_conduct,survey_start_datetime,FALSE,FALSE,datetime,,,,,datetime,FALSE,FALSE,FALSE,FALSE,,,,,,,"If no time given, set to midnight.",,
cdm,measurement,provider_id,FALSE,FALSE,bigint,,,,,uuid,FALSE,FALSE,TRUE,TRUE,provider,provider_id,,,,"The provider associated with measurement record, e.g. the provider who ordered the test or the provider who recorded the result.",The ETL may need to make a choice as to which PROVIDER_ID to put here. Based on what is available this may or may not be different than the provider associated with the overall VISIT_OCCURRENCE record. For example the admitting vs attending physician on an EHR record.,,
cdm,note,provider_id,FALSE,FALSE,bigint,,,,,uuid,FALSE,FALSE,TRUE,TRUE,provider,provider_id,,,,The Provider who wrote the note.,The ETL may need to make a determination on which provider to put here.,"We don't expect to use this table, at least not initially.",
cdm,observation,provider_id,FALSE,FALSE,bigint,,,,,uuid,FALSE,FALSE,TRUE,TRUE,provider,provider_id,,,,"The provider associated with the observation record, e.g. the provider who ordered the test or the provider who recorded the result.",The ETL may need to make a choice as to which PROVIDER_ID to put here. Based on what is available this may or may not be different than the provider associated with the overall VISIT_OCCURRENCE record. For example the admitting vs attending physician on an EHR record.,,
cdm,person,race_source_value,FALSE,FALSE,varchar(50),,,,,varchar(50),FALSE,FALSE,FALSE,FALSE,,,,,,This field is used to store the race of the person from the source data. It is not intended for use in standard analytics but for reference only.,Put the race of the person as it appears in the source data.,Do not expect to have in (initial) omopdb usage as NL government does not record.,Not present in RIVM datasets. Populate only in case of other usage.
cdm,survey_conduct,provider_id,FALSE,FALSE,bigint,,,,,uuid,FALSE,FALSE,TRUE,TRUE,provider,provider_id,,,,This is the Provider associated with the survey completion.,The ETL may need to make a choice as to which Provider to put here. This could either be the provider that ordered the survey or the provider who observed the completion of the survey.,,
cdm,visit_detail,provider_id,FALSE,FALSE,bigint,,,,,uuid,FALSE,FALSE,TRUE,TRUE,provider,provider_id,,,,"There will only be one provider per  **visit** record and the ETL document should clearly state how they were chosen (attending, admitting, etc.). This is a typical reason for leveraging the VISIT_DETAIL table as even though each VISIT_DETAIL record can only have one provider, there is no limit to the number of VISIT_DETAIL records that can be associated to a VISIT_OCCURRENCE record.",The additional providers associated to a Visit can be stored in this table where each VISIT_DETAIL record represents a different provider.,,
cdm,visit_occurrence,provider_id,FALSE,FALSE,bigint,,,,,uuid,FALSE,FALSE,TRUE,TRUE,provider,provider_id,,,,"There will only be one provider per visit record and the ETL document should clearly state how they were chosen (attending, admitting, etc.). If there are multiple providers associated with a visit in the source, this can be reflected in the event tables (CONDITION_OCCURRENCE, PROCEDURE_OCCURRENCE, etc.) or in the VISIT_DETAIL table.","If there are multiple providers associated with a visit, you will need to choose which one to put here. The additional providers can be stored in the visit_detail table.",,
cdm,survey_conduct,respondent_type_source_value,FALSE,FALSE,varchar(100),,,,,varchar(100),FALSE,FALSE,FALSE,FALSE,,,,,,Source code representing role of person who completed the survey.,,,
cdm,survey_conduct,timing_source_value,FALSE,FALSE,varchar(100),,,,,varchar(100),FALSE,FALSE,FALSE,FALSE,,,,,,"Text string representing the timing of the survey. Example: Baseline, 6-month follow-up.",,,
cdm,survey_conduct,collection_method_source_value,FALSE,FALSE,varchar(100),,,,,varchar(100),FALSE,FALSE,FALSE,FALSE,,,,,,The collection method as it appears in the source data.,,,
cdm,survey_conduct,survey_source_value,FALSE,FALSE,varchar(100),,,,,varchar(100),FALSE,FALSE,FALSE,FALSE,,,,,,The survey name as it appears in the source data.,,,
cdm,survey_conduct,survey_source_identifier,FALSE,FALSE,varchar(100),,,,,varchar(100),FALSE,FALSE,FALSE,FALSE,,,,,,Unique identifier for each completed survey in source system.,,,
cdm,survey_conduct,validated_survey_source_value,FALSE,FALSE,varchar(100),,,,,varchar(100),FALSE,FALSE,FALSE,FALSE,,,,,,Source value representing the validation status of the survey.,,,
cdm,survey_conduct,survey_version_number,FALSE,FALSE,varchar(20),,,,,varchar(20),FALSE,FALSE,FALSE,FALSE,,,,,,Version number of the questionnaire or survey used.,,,
cdm,survey_conduct,assisted_source_value,FALSE,FALSE,varchar(50),,,,,varchar(50),FALSE,FALSE,FALSE,FALSE,,,,,,"Source value representing whether patient required assistance to complete the survey. Example: 'Completed without assistance', 'Completed with assistance'.",,,
cdm,visit_detail,visit_detail_id,TRUE,TRUE,bigint,,,,,uuid,TRUE,TRUE,FALSE,FALSE,,,,,,Use this to identify unique interactions between a person and the health care system. This identifier links across the other CDM event tables to associate events with a visit detail.,This should be populated by creating a unique identifier for each unique interaction between a person and the healthcare system where the person receives a medical good or service over a span of time.,,
cdm,survey_conduct,response_visit_occurrence_id,FALSE,FALSE,bigint,,,,,uuid,FALSE,FALSE,TRUE,TRUE,visit_occurrence,visit_occurrence_id,,,,The Visit during which any treatment related to the Survey was carried out.,,,
cdm,condition_occurrence,visit_detail_id,FALSE,FALSE,bigint,,,,,uuid,FALSE,FALSE,TRUE,TRUE,visit_detail,visit_detail_id,,,,"The VISIT_DETAIL record during which the condition occurred. For example, if the person was in the ICU at the time of the diagnosis the VISIT_OCCURRENCE record would reflect the overall hospital stay and the VISIT_DETAIL record would reflect the ICU stay during the hospital visit.",Same rules apply as for the VISIT_OCCURRENCE_ID.,,
cdm,device_exposure,visit_detail_id,FALSE,FALSE,bigint,,,,,uuid,FALSE,FALSE,TRUE,TRUE,visit_detail,visit_detail_id,,,,The Visit Detail during which the device was prescribed or given.,To populate this field device exposures must be explicitly initiated in the visit detail record.,,
cdm,drug_exposure,visit_detail_id,FALSE,FALSE,bigint,,,,,uuid,FALSE,FALSE,TRUE,TRUE,visit_detail,visit_detail_id,,,,"The VISIT_DETAIL record during which the drug exposure occurred. For example, if the person was in the ICU at the time of the drug administration the VISIT_OCCURRENCE record would reflect the overall hospital stay and the VISIT_DETAIL record would reflect the ICU stay during the hospital visit.",Same rules apply as for the VISIT_OCCURRENCE_ID.,,
cdm,measurement,visit_detail_id,FALSE,FALSE,bigint,,,,,uuid,FALSE,FALSE,TRUE,TRUE,visit_detail,visit_detail_id,,,,"The VISIT_DETAIL record during which the Measurement occurred. For example, if the Person was in the ICU at the time the VISIT_OCCURRENCE record would reflect the overall hospital stay and the VISIT_DETAIL record would reflect the ICU stay during the hospital visit.",Same rules apply as for the VISIT_OCCURRENCE_ID.,,
cdm,note,visit_detail_id,FALSE,FALSE,bigint,,,,,uuid,FALSE,FALSE,TRUE,TRUE,visit_detail,visit_detail_id,,,,The Visit Detail during which the note was written.,,"We don't expect to use this table, at least not initially.",
cdm,visit_detail,visit_detail_end_date,TRUE,TRUE,date,,,,,date,FALSE,FALSE,FALSE,FALSE,,,,,,This the end date of the patient-provider interaction.,"Visit Detail end dates are mandatory. If end dates are not provided in the source there are three ways in which to derive them:<br>
- Outpatient Visit Detail: visit_detail_end_datetime = visit_detail_start_datetime
- Emergency Room Visit Detail: visit_detail_end_datetime = visit_detail_start_datetime
- Inpatient Visit Detail: Usually there is information about discharge. If not, you should be able to derive the end date from the sudden decline of activity or from the absence of inpatient procedures/drugs.
- Non-hospital institution Visit Details: Particularly for claims data, if end dates are not provided assume the visit is for the duration of month that it occurs.<br>
For Inpatient Visit Details ongoing at the date of ETL, put date of processing the data into visit_detai_end_datetime and visit_detail_type_concept_id with 32220 ""Still patient"" to identify the visit as incomplete.
All other Visits Details: visit_detail_end_datetime = visit_detail_start_datetime.",,
cdm,visit_detail,visit_detail_end_datetime,FALSE,FALSE,datetime,,,,,datetime,FALSE,FALSE,FALSE,FALSE,,,,,,,"If no time is given for the end date of a visit, set it to midnight (00:00:0000).",,
cdm,visit_detail,visit_detail_start_date,TRUE,TRUE,date,,,,,date,FALSE,FALSE,FALSE,FALSE,,,,,,This is the date of the start of the encounter. This may or may not be equal to the date of the Visit the Visit Detail is associated with.,"When populating visit_start_date, you should think about the patient experience to make decisions on how to define visits. Most likely this should be the date of the patient-provider interaction.",,
cdm,visit_detail,visit_detail_start_datetime,FALSE,FALSE,datetime,,,,,datetime,FALSE,FALSE,FALSE,FALSE,,,,,,,"If no time is given for the start date of a visit, set it to midnight (00:00:0000).",,
cdm,observation,visit_detail_id,FALSE,FALSE,bigint,,,,,uuid,FALSE,FALSE,TRUE,TRUE,visit_detail,visit_detail_id,,,,"The VISIT_DETAIL record during which the Observation occurred. For example, if the Person was in the ICU at the time the VISIT_OCCURRENCE record would reflect the overall hospital stay and the VISIT_DETAIL record would reflect the ICU stay during the hospital visit.",Same rules apply as for the VISIT_OCCURRENCE_ID.,,
cdm,visit_detail,visit_detail_parent_id,FALSE,FALSE,bigint,,,,,uuid,FALSE,FALSE,TRUE,TRUE,visit_detail,visit_detail_id,,,,Use this field to find the visit detail that subsumes the given visit detail record. This is used in the case that a visit detail record needs to be nested beyond the VISIT_OCCURRENCE/VISIT_DETAIL relationship.,"If there are multiple nested levels to how Visits are represented in the source, the VISIT_DETAIL_PARENT_ID can be used to record this relationship.",,
cdm,condition_occurrence,visit_occurrence_id,FALSE,FALSE,bigint,,,,,uuid,FALSE,FALSE,TRUE,TRUE,visit_occurrence,visit_occurrence_id,,,,The visit during which the condition occurred.,"Depending on the structure of the source data, this may have to be determined based on dates. If a CONDITION_START_DATE occurs within the start and end date of a Visit it is a valid ETL choice to choose the VISIT_OCCURRENCE_ID from the Visit that subsumes it, even if not explicitly stated in the data. While not required, an attempt should be made to locate the VISIT_OCCURRENCE_ID of the CONDITION_OCCURRENCE record.",,
cdm,device_exposure,visit_occurrence_id,FALSE,FALSE,bigint,,,,,uuid,FALSE,FALSE,TRUE,TRUE,visit_occurrence,visit_occurrence_id,,,,The Visit during which the device was prescribed or given.,To populate this field device exposures must be explicitly initiated in the visit.,,
cdm,drug_exposure,visit_occurrence_id,FALSE,FALSE,bigint,,,,,uuid,FALSE,FALSE,TRUE,TRUE,visit_occurrence,visit_occurrence_id,,,,"The Visit during which the drug was prescribed, administered or dispensed.",To populate this field drug exposures must be explicitly initiated in the visit.,,
cdm,visit_detail,visit_detail_source_value,FALSE,FALSE,varchar(50),,,,,varchar(50),FALSE,FALSE,FALSE,FALSE,,,,,,"This field houses the verbatim value from the source data representing the kind of visit detail that took place (inpatient, outpatient, emergency, etc.)","If there is information about the kind of visit detail in the source data that value should be stored here. If a visit is an amalgamation of visits from the source then use a hierarchy to choose the VISIT_DETAIL_SOURCE_VALUE, such as IP -> ER-> OP. This should line up with the logic chosen to determine how visits are created.",,
cdm,visit_detail,admitted_from_concept_id,FALSE,FALSE,varchar(50),,,,,varchar(50),FALSE,FALSE,FALSE,FALSE,,,,,,,"This information may be called something different in the source data but the field is meant to contain a value indicating where a person was admitted from. Typically this applies only to visits that have a length of stay, like inpatient visits or long-term care visits.",,
cdm,visit_detail,discharge_to_source_value,FALSE,FALSE,varchar(50),,,,,varchar(50),FALSE,FALSE,FALSE,FALSE,,,,,,,"This information may be called something different in the source data but the field is meant to contain a value indicating where a person was discharged to after a visit, as in they went home or were moved to long-term care. Typically this applies only to visits that have a length of stay of a day or more.",,
cdm,visit_occurrence,visit_occurrence_id,TRUE,TRUE,bigint,,,,,uuid,TRUE,TRUE,FALSE,FALSE,,,,,,Use this to identify unique interactions between a person and the health care system. This identifier links across the other CDM event tables to associate events with a visit.,This should be populated by creating a unique identifier for each unique interaction between a person and the healthcare system where the person receives a medical good or service over a span of time.,,
cdm,measurement,visit_occurrence_id,FALSE,FALSE,bigint,,,,,uuid,FALSE,FALSE,TRUE,TRUE,visit_occurrence,visit_occurrence_id,,,,The visit during which the Measurement occurred.,"Depending on the structure of the source data, this may have to be determined based on dates. If a MEASUREMENT_DATE occurs within the start and end date of a Visit it is a valid ETL choice to choose the VISIT_OCCURRENCE_ID from the visit that subsumes it, even if not explicitly stated in the data. While not required, an attempt should be made to locate the VISIT_OCCURRENCE_ID of the measurement record. If a measurement is related to a visit explicitly in the source data, it is possible that the result date of the Measurement falls outside of the bounds of the Visit dates.",,
cdm,note,visit_occurrence_id,FALSE,FALSE,bigint,,,,,uuid,FALSE,FALSE,TRUE,TRUE,visit_occurrence,visit_occurrence_id,,,,The Visit during which the note was written.,,"We don't expect to use this table, at least not initially.",
cdm,observation,visit_occurrence_id,FALSE,FALSE,bigint,,,,,uuid,FALSE,FALSE,TRUE,TRUE,visit_occurrence,visit_occurrence_id,,,,The visit during which the Observation occurred.,"Depending on the structure of the source data, this may have to be determined based on dates. If an OBSERVATION_DATE occurs within the start and end date of a Visit it is a valid ETL choice to choose the VISIT_OCCURRENCE_ID from the visit that subsumes it, even if not explicitly stated in the data. While not required, an attempt should be made to locate the VISIT_OCCURRENCE_ID of the observation record. If an observation is related to a visit explicitly in the source data, it is possible that the result date of the Observation falls outside of the bounds of the Visit dates.",,
cdm,survey_conduct,visit_occurrence_id,FALSE,FALSE,bigint,,,,,uuid,FALSE,FALSE,TRUE,TRUE,visit_occurrence,visit_occurrence_id,,,,The Visit during which the Survey occurred.,,,
cdm,visit_occurrence,visit_end_date,FALSE,FALSE,date,,,,,date,FALSE,FALSE,FALSE,FALSE,,,,,,For inpatient visits the end date is typically the discharge date.,"Visit end dates are mandatory. If end dates are not provided in the source there are three ways in which to derive them:
Outpatient Visit: visit_end_datetime = visit_start_datetime
Emergency Room Visit: visit_end_datetime = visit_start_datetime
Inpatient Visit: Usually there is information about discharge. If not, you should be able to derive the end date from the sudden decline of activity or from the absence of inpatient procedures/drugs.
Non-hospital institution Visits: Particularly for claims data, if end dates are not provided assume the visit is for the duration of month that it occurs.
For Inpatient Visits ongoing at the date of ETL, put date of processing the data into visit_end_datetime and visit_type_concept_id with 32220 ""Still patient"" to identify the visit as incomplete.
All other Visits: visit_end_datetime = visit_start_datetime. If this is a one-day visit the end date should match the start date.",,
cdm,visit_occurrence,visit_end_datetime,TRUE,TRUE,datetime,,,,,datetime,FALSE,FALSE,FALSE,FALSE,,,,,,,"If no time is given for the end date of a visit, set it to midnight (00:00:0000).",,
cdm,visit_occurrence,visit_start_date,FALSE,FALSE,date,,,,,date,FALSE,FALSE,FALSE,FALSE,,,,,,"For inpatient visits, the start date is typically the admission date. For outpatient visits the start date and end date will be the same.","When populating visit_start_date, you should think about the patient experience to make decisions on how to define visits. In the case of an inpatient visit this should be the date the patient was admitted to the hospital or institution. In all other cases this should be the date of the patient-provider interaction.",,
cdm,visit_occurrence,visit_start_datetime,TRUE,TRUE,datetime,,,,,datetime,FALSE,FALSE,FALSE,FALSE,,,,,,,"If no time is given for the start date of a visit, set it to midnight (00:00:0000).",,
cdm,visit_detail,visit_occurrence_id,TRUE,TRUE,bigint,,,,,uuid,FALSE,FALSE,TRUE,TRUE,visit_occurrence,visit_occurrence_id,,,,Use this field to link the VISIT_DETAIL record to its VISIT_OCCURRENCE.,Put the VISIT_OCCURRENCE_ID that subsumes the VISIT_DETAIL record here.,,
cdm,concept,concept_class_id,TRUE,TRUE,varchar(20),,,,,varchar(20),FALSE,FALSE,TRUE,TRUE,concept_class,concept_class_id,,,,"The attribute or concept class of the
Concept. Examples are 'Clinical Drug',
'Ingredient', 'Clinical Finding' etc.",,,
cdm,concept,domain_id,TRUE,TRUE,varchar(20),,,,,varchar(20),FALSE,FALSE,TRUE,TRUE,domain,domain_id,,,,A foreign key to the [DOMAIN](https://ohdsi.github.io/CommonDataModel/cdm531.html#domain) table the Concept belongs to.,,,
cdm,concept_relationship,relationship_id,TRUE,TRUE,varchar(20),,,,,varchar(20),FALSE,FALSE,TRUE,TRUE,relationship,relationship_id,,,,The relationship between CONCEPT_ID_1 and CONCEPT_ID_2. Please see the [Vocabulary Conventions](https://ohdsi.github.io/CommonDataModel/dataModelConventions.html#concept_relationships). for more information.,,,
cdm,source_to_concept_map,target_vocabulary_id,TRUE,TRUE,varchar(20),,,,,varchar(20),FALSE,FALSE,TRUE,TRUE,vocabulary,vocabulary_id,,,,The Vocabulary of the target Concept.,,,
cdm,visit_occurrence,visit_source_value,FALSE,FALSE,varchar(50),,,,,varchar(50),FALSE,FALSE,FALSE,FALSE,,,,,,"This field houses the verbatim value from the source data representing the kind of visit that took place (inpatient, outpatient, emergency, etc.)","If there is information about the kind of visit in the source data that value should be stored here. If a visit is an amalgamation of visits from the source then use a hierarchy to choose the visit source value, such as IP -> ER-> OP. This should line up with the logic chosen to determine how visits are created.",,
cdm,visit_occurrence,admitted_from_source_value,FALSE,FALSE,varchar(50),,,,,varchar(50),FALSE,FALSE,FALSE,FALSE,,,,,,,"This information may be called something different in the source data but the field is meant to contain a value indicating where a person was admitted from. Typically this applies only to visits that have a length of stay, like inpatient visits or long-term care visits.",,
cdm,visit_occurrence,discharge_to_source_value,FALSE,FALSE,varchar(50),,,,,varchar(50),FALSE,FALSE,FALSE,FALSE,,,,,,,"This information may be called something different in the source data but the field is meant to contain a value indicating where a person was discharged to after a visit, as in they went home or were moved to long-term care. Typically this applies only to visits that have a length of stay of a day or more.",,
cdm,concept,vocabulary_id,TRUE,TRUE,varchar(20),,,,,varchar(20),FALSE,FALSE,TRUE,TRUE,vocabulary,vocabulary_id,,,,"A foreign key to the [VOCABULARY](https://ohdsi.github.io/CommonDataModel/cdm531.html#vocabulary)
table indicating from which source the
Concept has been adapted.",,,
cdm,vocabulary,vocabulary_id,TRUE,TRUE,varchar(20),,,,,varchar(20),TRUE,TRUE,FALSE,FALSE,,,,,,"A unique identifier for each Vocabulary, such
as ICD9CM, SNOMED, Visit.",,,
cdm,vocabulary,vocabulary_name,TRUE,TRUE,varchar(255),,,,,varchar(255),FALSE,FALSE,FALSE,FALSE,,,,,,"The name describing the vocabulary, for
example International Classification of
Diseases, Ninth Revision, Clinical
Modification, Volume 1 and 2 (NCHS) etc.",,,
cdm,vocabulary,vocabulary_reference,TRUE,TRUE,varchar(255),,,,,varchar(255),FALSE,FALSE,FALSE,FALSE,,,,,,"External reference to documentation or
available download of the about the
vocabulary.",,,
cdm,vocabulary,vocabulary_version,FALSE,FALSE,varchar(255),,,,,varchar(255),FALSE,FALSE,FALSE,FALSE,,,,,,"Version of the Vocabulary as indicated in
the source.",,,
cdm,person,year_of_birth,TRUE,FALSE,integer,,,,,integer,FALSE,FALSE,FALSE,FALSE,,,,,,Compute age using year_of_birth.,"For data sources with date of birth, the year should be extracted. For data sources where the year of birth is not available, the approximate year of birth could be derived based on age group categorization, if available. If no year of birth is available all the person's data should be dropped from the CDM instance.",Biobase will record this information in observation table.,Do not populate. Biobase will record this information in observation table
omopdb,provenance,provenance_id,,TRUE,,,,,,uuid,,TRUE,,FALSE,provenance,provenance_id,,,,,,"used to specify provenance of each data point, appears all (or nearly all?) tables",
omopdb,provenance,source_id,,TRUE,,,,,,uuid,,FALSE,,TRUE,source,source_id,,,,,,which data source was used for data with this provenance_id,
omopdb,provenance,etl_id,,TRUE,,,,,,uuid,,FALSE,,TRUE,etl,etl_id,,,,,,which (versioned) ETL process was used for imports with this provenance_id,
omopdb,provenance,etl_start_datetime,,TRUE,,,,,,datetime,,FALSE,,FALSE,,,,,,,,time stamp of the start of the etl process referenced by this provenance_id,
omopdb,provenance,etl_end_datetime,,TRUE,,,,,,datetime,,FALSE,,FALSE,,,,,,,,time stamp of the finish of the etl process refrenced by this provenance_id,
omopdb,source,source_id,,TRUE,,,,,,uuid,,TRUE,,FALSE,,,,,,,,,
omopdb,source,source_desc,,TRUE,,,,,,varchar,,FALSE,,FALSE,,,,,,,,A description of the data source.,
omopdb,source,source_abbrev,,TRUE,,,,,,varchar(32),,FALSE,,FALSE,,,,,,,,"A short-hand for the data source, e.g., RIVM-ILES",
omopdb,etl,etl_id,,TRUE,,,,,,uuid,,TRUE,,FALSE,,,,,,,,,
omopdb,etl,etl_desc,,TRUE,,,,,,varchar,,FALSE,,FALSE,,,,,,,,A description of the ETL,
omopdb,etl,etl_abbrev,,TRUE,,,,,,varchar(32),,FALSE,,FALSE,,,,,,,,"A shorthand for the ETL process (e.g., nonacris_to_omop_plus)",
omopdb,etl,etl_version,,TRUE,,,,,,varchar(32),,FALSE,,FALSE,,,,,,,,"A versioning for the ETL (i.e., expect versions to develop over time)",
omopdb,etl,etl_release_datetime,,TRUE,,,,,,datetime,,FALSE,,FALSE,,,,,,,,Timestamp that the ETL process was first made available for use,
omopdb,care_site,organization_id,,TRUE,,,,,,uuid,,FALSE,,TRUE,organization,organization_id,,,,,,The id of the organization with which the care site is associated.,Will (eventually) populated with information retrieved from a service we build.
omopdb,organization,organization_id,,TRUE,,,,,,uuid,,TRUE,,FALSE,,,,,,,,"Each organization we we work will have an id. In initial spec, the organization table has no other info, but this is a placeholder for table that will hold a (possibly minimal) set of data on organizations that we think should be replicated in omopdb.",Will (eventually) populated with information retrieved from a service we build.
omopdb,measurement,provided_by_organization_id,,FALSE,,,,,,uuid,,FALSE,,TRUE,organization,organization_id,,,,,,The id of the organization responsible for the measurement.,
omopdb,specimen,visit_occurrence_id,,FALSE,,,,,,uuid,,FALSE,,TRUE,visit_occurrence,visit_occurrence_id,,,,,,"In OMOP, would be specified via fact_relationship table; because specimen collection point is important to us, we record it directly in the specimen table.",
omopdb,specimen,derived_from_specimen_id,,FALSE,,,,,,uuid,,FALSE,,TRUE,specimen,specimen_id,,,,,,"If the specimen is a derived specimen, indicates what specimen it was derived from.",Note this is a self-refencing foreign key relationship.
omopdb,specimen,derivation_concept_id,,FALSE,,0,,2147483647,,integer,,FALSE,,TRUE,concept,concept_id,,,,,,"As of now, this is a placeholder. Assume we will identify/develop concepts that indicate derivation techniques (e.g., culturing, etc.)",
omopdb,measurement,measurement_derived_from_specimen_id,,FALSE,,,,,,uuid,,FALSE,,TRUE,specimen,specimen_id,,,,,,The id of the specimen from which the measurement was derived.,Possible that either measurement_derived_from_specimen_id or measurement_derived_from_measurement_id would be required (XOR). TBD (flag for Ivo)
omopdb,measurement,measurement_derived_from_measurement_id,,FALSE,,,,,,uuid,,FALSE,,TRUE,measurement,measurement_id,,,,,,The id of the measurement from which the measurement was derived.,Possible that either measurement_derived_from_specimen_id or measurement_derived_from_measurement_id would be required (XOR). TBD (flag for Ivo). Note this is a self-referencing foreign key relationship.
omopdb,measurement,source_traceback,,,,,,,,varchar(MAX),,FALSE,,FALSE,,,,,,,,Holds sufficient information to traceback to the individual record in the source from which the data in this row was derived.,"Specific formatting to be developed. Like source/table/PK, but that may not be univeral across all sources."
omopdb,location_history,location_history_id,,TRUE,,,,,,uuid,,TRUE,,FALSE,,,,,,,,The CDM v6.0 spec does not include a primary key for this table. We've added this.,
